{
  "AWSTemplateFormatVersion": "2010-09-09",
  "Description": "AWS CF Template generated by the Pyplate API call.",
  "Parameters": {
    "AppID": {
      "Type": "String"
    },
    "UserID": {
      "Type": "String"
    },
    "Role": {
      "Type": "String"
    }
  },
  "Resources": {
    "albNone0": {
      "Type": "AWS::ElasticLoadBalancingV2::LoadBalancer",
      "Properties": {
        "Subnets": [
          "subnet-26bd456e",
          "subnet-aa282cf1"
        ],
        "Name": "VZ-NTS-WBNV-LCP-ALBEureka",
        "Tags": [
          {
            "Value": {
              "Ref": "UserID"
            },
            "Key": "UserID"
          },
          {
            "Value": {
              "Ref": "AppID"
            },
            "Key": "Vsad"
          },
          {
            "Value": {
              "Ref": "Role"
            },
            "Key": "Role"
          },
          {
            "Value": "VZ-NTS-WBNV-LCP-ALBEureka",
            "Key": "Name"
          }
        ],
        "LoadBalancerAttributes": [
          {
            "Value": "50",
            "Key": "idle_timeout.timeout_seconds"
          }
        ],
        "SecurityGroups": [
          "sg-e3f49f9d"
        ],
        "Scheme": "internal"
      }
    },
    "ListenerNone0": {
      "Type": "AWS::ElasticLoadBalancingV2::Listener",
      "Properties": {
        "Protocol": "HTTP",
        "DefaultActions": [
          {
            "TargetGroupArn": {
              "Ref": "TargetGroupNone0"
            },
            "Type": "forward"
          }
        ],
        "LoadBalancerArn": {
          "Ref": "albNone0"
        },
        "Port": "8080"
      }
    },
    "TargetGroupNone0": {
      "Type": "AWS::ElasticLoadBalancingV2::TargetGroup",
      "Properties": {
        "HealthCheckIntervalSeconds": "30",
        "Name": "WBN-Eureka",
        "HealthCheckProtocol": "HTTPS",
        "HealthyThresholdCount": "4",
        "HealthCheckTimeoutSeconds": "10",
        "TargetGroupAttributes": [
          {
            "Value": "20",
            "Key": "deregistration_delay.timeout_seconds"
          }
        ],
        "UnhealthyThresholdCount": "3",
        "VpcId": "vpc-fa634f9c",
        "Protocol": "HTTPS",
        "Tags": [
          {
            "Value": {
              "Ref": "UserID"
            },
            "Key": "UserID"
          },
          {
            "Value": {
              "Ref": "AppID"
            },
            "Key": "Vsad"
          },
          {
            "Value": {
              "Ref": "Role"
            },
            "Key": "Role"
          },
          {
            "Value": "Version1.2",
            "Key": "NTS Pipeline"
          }
        ],
        "Matcher": {
          "HttpCode": "200"
        },
        "Targets": [
          {
            "Id": "i-0d5fb45d76d21bc36",
            "Port": "80"
          }
        ],
        "HealthCheckPath": "/index.html",
        "Port": "8761"
      }
    }
  }
}
