{
  "AWSTemplateFormatVersion": "2010-09-09",
  "Description": "AWS CF Template generated by the Pyplate API call.",
  "Parameters": {
    "AppID": {
      "Type": "String"
    },
    "UserID": {
      "Type": "String"
    },
    "Role": {
      "Type": "String"
    },
    "InstanceName": {
      "Type": "String"
    }
  },
  "Resources": {
    "ec2PBXVinstance0": {
      "Type": "AWS::EC2::Instance",
      "Properties": {
        "SubnetId": "subnet-26bd456e",
        "BlockDeviceMappings": [
          {
            "DeviceName": "/dev/sda1",
            "Ebs": {
              "DeleteOnTermination": "True",
              "VolumeSize": 40
            }
          }
        ],
        "AvailabilityZone": "us-east-1a",
        "SecurityGroupIds": [
          "sg-95f299eb",
          "sg-6645cb19",
          "sg-77b96402"
        ],
        "Tags": [
          {
            "Value": {
              "Ref": "UserID"
            },
            "Key": "Userid"
          },
          {
            "Value": {
              "Ref": "AppID"
            },
            "Key": "Vsad"
          },
          {
            "Value": "NTS-ESAP-FMO-SIT2",
            "Key": "Name"
          },
          {
            "Value": {
              "Ref": "Role"
            },
            "Key": "Role"
          },
          {
            "Value": "yes",
            "Key": "no_nostop_tag"
          },
          {
            "Value": "Version1.2",
            "Key": "NTS Pipeline"
          }
        ],
        "EbsOptimized": "false",
        "DisableApiTermination": "false",
        "InstanceType": "m4.xlarge",
        "IamInstanceProfile": "VzPol-profile-NonProd-NTS-NP-PBXV-EC2Role",
        "ImageId": "ami-bf6fe3c0"
      }
    },
    "ebsPBXV00": {
      "Type": "AWS::EC2::Volume",
      "Properties": {
        "AvailabilityZone": "us-east-1a",
        "Tags": [
          {
            "Value": {
              "Ref": "UserID"
            },
            "Key": "Userid"
          },
          {
            "Value": {
              "Ref": "AppID"
            },
            "Key": "Vsad"
          },
          {
            "Value": "VZ-NTS-PBXV-volume6",
            "Key": "Name"
          },
          {
            "Value": {
              "Ref": "Role"
            },
            "Key": "Role"
          },
          {
            "Value": "Version1.2",
            "Key": "NTS Pipeline"
          }
        ],
        "Encrypted": "True",
        "VolumeType": "gp2",
        "KmsKeyId": "arn:aws:kms:us-east-1:084309170734:key/a4e07059-0e28-4f82-b746-6ca6d3e1ed5d",
        "Size": "100"
      }
    },
    "ebsattachmentPBXV00": {
      "Type": "AWS::EC2::VolumeAttachment",
      "Properties": {
        "InstanceId": {
          "Ref": "ec2PBXVinstance0"
        },
        "Device": "/dev/sdb",
        "VolumeId": {
          "Ref": "ebsPBXV00"
        }
      }
    },
    "ebsPBXV01": {
      "Type": "AWS::EC2::Volume",
      "Properties": {
        "AvailabilityZone": "us-east-1a",
        "Tags": [
          {
            "Value": {
              "Ref": "UserID"
            },
            "Key": "Userid"
          },
          {
            "Value": {
              "Ref": "AppID"
            },
            "Key": "Vsad"
          },
          {
            "Value": "VZ-NTS-PBXV-volume7",
            "Key": "Name"
          },
          {
            "Value": {
              "Ref": "Role"
            },
            "Key": "Role"
          },
          {
            "Value": "Version1.2",
            "Key": "NTS Pipeline"
          }
        ],
        "Encrypted": "True",
        "VolumeType": "gp2",
        "KmsKeyId": "arn:aws:kms:us-east-1:084309170734:key/a4e07059-0e28-4f82-b746-6ca6d3e1ed5d",
        "Size": "100"
      }
    },
    "ebsattachmentPBXV01": {
      "Type": "AWS::EC2::VolumeAttachment",
      "Properties": {
        "InstanceId": {
          "Ref": "ec2PBXVinstance0"
        },
        "Device": "/dev/sdd",
        "VolumeId": {
          "Ref": "ebsPBXV01"
        }
      }
    },
    "ebsPBXV02": {
      "Type": "AWS::EC2::Volume",
      "Properties": {
        "AvailabilityZone": "us-east-1a",
        "Tags": [
          {
            "Value": {
              "Ref": "UserID"
            },
            "Key": "Userid"
          },
          {
            "Value": {
              "Ref": "AppID"
            },
            "Key": "Vsad"
          },
          {
            "Value": "VZ-NTS-PBXV-volume8",
            "Key": "Name"
          },
          {
            "Value": {
              "Ref": "Role"
            },
            "Key": "Role"
          },
          {
            "Value": "Version1.2",
            "Key": "NTS Pipeline"
          }
        ],
        "Encrypted": "True",
        "VolumeType": "gp2",
        "KmsKeyId": "arn:aws:kms:us-east-1:084309170734:key/a4e07059-0e28-4f82-b746-6ca6d3e1ed5d",
        "Size": "100"
      }
    },
    "ebsattachmentPBXV02": {
      "Type": "AWS::EC2::VolumeAttachment",
      "Properties": {
        "InstanceId": {
          "Ref": "ec2PBXVinstance0"
        },
        "Device": "/dev/sde",
        "VolumeId": {
          "Ref": "ebsPBXV02"
        }
      }
    },
    "ebsPBXV03": {
      "Type": "AWS::EC2::Volume",
      "Properties": {
        "AvailabilityZone": "us-east-1a",
        "Tags": [
          {
            "Value": {
              "Ref": "UserID"
            },
            "Key": "Userid"
          },
          {
            "Value": {
              "Ref": "AppID"
            },
            "Key": "Vsad"
          },
          {
            "Value": "VZ-NTS-PBXV-volume4",
            "Key": "Name"
          },
          {
            "Value": {
              "Ref": "Role"
            },
            "Key": "Role"
          },
          {
            "Value": "Version1.2",
            "Key": "NTS Pipeline"
          }
        ],
        "Encrypted": "True",
        "VolumeType": "gp2",
        "KmsKeyId": "arn:aws:kms:us-east-1:084309170734:key/a4e07059-0e28-4f82-b746-6ca6d3e1ed5d",
        "Size": "100"
      }
    },
    "ebsattachmentPBXV03": {
      "Type": "AWS::EC2::VolumeAttachment",
      "Properties": {
        "InstanceId": {
          "Ref": "ec2PBXVinstance0"
        },
        "Device": "/dev/sdf",
        "VolumeId": {
          "Ref": "ebsPBXV03"
        }
      }
    },
    "ebsPBXV04": {
      "Type": "AWS::EC2::Volume",
      "Properties": {
        "AvailabilityZone": "us-east-1a",
        "Tags": [
          {
            "Value": {
              "Ref": "UserID"
            },
            "Key": "Userid"
          },
          {
            "Value": {
              "Ref": "AppID"
            },
            "Key": "Vsad"
          },
          {
            "Value": "VZ-NTS-PBXV-volume9",
            "Key": "Name"
          },
          {
            "Value": {
              "Ref": "Role"
            },
            "Key": "Role"
          },
          {
            "Value": "Version1.2",
            "Key": "NTS Pipeline"
          }
        ],
        "Encrypted": "True",
        "VolumeType": "gp2",
        "KmsKeyId": "arn:aws:kms:us-east-1:084309170734:key/a4e07059-0e28-4f82-b746-6ca6d3e1ed5d",
        "Size": "100"
      }
    },
    "ebsattachmentPBXV04": {
      "Type": "AWS::EC2::VolumeAttachment",
      "Properties": {
        "InstanceId": {
          "Ref": "ec2PBXVinstance0"
        },
        "Device": "/dev/sdg",
        "VolumeId": {
          "Ref": "ebsPBXV04"
        }
      }
    }
  },
  "Outputs": {
    "InstanceId": {
      "Description": "InstanceId of the newly created EC2 instance",
      "Value": {
        "Ref": "ec2PBXVinstance0"
      }
    },
    "AZ": {
      "Description": "Availability Zone of the newly created EC2 instance",
      "Value": {
        "Fn::GetAtt": [
          "ec2PBXVinstance0",
          "AvailabilityZone"
        ]
      }
    },
    "PrivateIP": {
      "Description": "PrivateIP of the newly created EC2 instance",
      "Value": {
        "Fn::GetAtt": [
          "ec2PBXVinstance0",
          "PrivateIp"
        ]
      }
    }
  }
}