{
  "AWSTemplateFormatVersion": "2010-09-09",
  "Description": "AWS CF Template generated by the Pyplate API call.",
  "Parameters": {
    "AppID": {
      "Type": "String"
    },
    "UserID": {
      "Type": "String"
    },
    "Role": {
      "Type": "String"
    },
    "InstanceName": {
      "Type": "String"
    },
    "Ec2SecurityGroup" : {
    "Type" : "CommaDelimitedList"
  },
  "AvailabilityZone" : {
    "Type" : "String"
  },
  "Subnet": {
    "Type": "String"
  },
 "IAMRole" : {
  "Type": "String"
  },
  "AMIID" : {
    "Type" : "String"
  },
  "kmskey" : {
    "Type" : "String"
  },
  "Instancetype" : {
    "Type" : "String"
  }
  
  },
  "Resources": {
    "ec2PBXVinstance0": {
      "Type": "AWS::EC2::Instance",
      "Properties": {
        "SubnetId": { "Ref" : "Subnet" },
        "IamInstanceProfile": { "Ref" : "IAMRole" },
        "AvailabilityZone": { "Ref" : "AvailabilityZone" },
        "SecurityGroupIds": { "Ref" : "Ec2SecurityGroup" } ,
        "Tags": [
          {
            "Value": {
              "Ref": "UserID"
            },
            "Key": "Userid"
          },
          {
            "Value": {
              "Ref": "AppID"
            },
            "Key": "Vsad"
          },
          {
            "Value": "VZ-NTS-PBXV-ESAP-NAMI-WEB-STAGING",
            "Key": "Name"
          },
          {
            "Value": {
              "Ref": "Role"
            },
            "Key": "Role"
          },
          {
            "Value": "yes",
            "Key": "nostop"
          },
          {
            "Value": "Version1.2",
            "Key": "NTS Pipeline"
          }
        ],
        "EbsOptimized": "false",
        "DisableApiTermination": "false",
        "InstanceType": { "Ref" : "Instancetype" },
        "ImageId": { "Ref" : "AMIID" }
      }
    }
    
  },
  "Outputs": {
    "InstanceId": {
      "Description": "InstanceId of the newly created EC2 instance",
      "Value": {
        "Ref": "ec2PBXVinstance0"
      }
    },
    "AZ": {
      "Description": "Availability Zone of the newly created EC2 instance",
      "Value": {
        "Fn::GetAtt": [
          "ec2PBXVinstance0",
          "AvailabilityZone"
        ]
      }
    },
    "PrivateIP": {
      "Description": "PrivateIP of the newly created EC2 instance",
      "Value": {
        "Fn::GetAtt": [
          "ec2PBXVinstance0",
          "PrivateIp"
        ]
      }
    }
  }
}