{
  "AWSTemplateFormatVersion": "2010-09-09",
  "Description": "AWS CF Template generated by the Pyplate API call.",
  "Parameters": {
    "AppID" : {      
      "Type" : "String"
	},
    "UserID" : {
      "Type" : "String"
    },
	"SecurityGroups": {
		"Type" : "CommaDelimitedList"
	},
	"Role" : {
      "Type" : "String"
    } ,
    "ASGName": {
      "Type": "String"
    },
	"VPCZoneIdentifier": {
		"Type" : "CommaDelimitedList"
	},
	"IAM": {
		"Type" : "String"
	},
	"ImageId": {
		"Type" : "String"
	},
	"ELBAPP" : {
      "Type" : "CommaDelimitedList"
    },
	"MinEC2Instances": {
      "Type" : "Number"
    },
    "MaxEC2Instances": {
      "Type" : "Number"
    },
	"AvailabilityZone" :{
	 "Type" : "CommaDelimitedList"
	},
	"Instancetype" : {
      "Type" : "String"
    },
	"OperatorEmail" : {
	  "Type" : "String"
	},
	"Environment": {
         "Type": "String"
      },
    "SSOEnabled": {
         "Type": "String",
         "Description": "SSO Enabled or Disabled"
      },
	"SSLEnabled": {
         "Type": "String",
         "Description": "SSLEnabled or Disabled"
      },      
    "CertARN": {
         "Type": "String"
      },
	"LBSubnets": {
		"Type" : "CommaDelimitedList"
	},
	"ELBS3Bucket" : {
      "Type" : "String"
    },
    "AppVersion": {
		"Type":"String",
		"Default": "",
		"Description": "AppVersion is required to find the ami id but if imageid is passed this parameter will not be used."
   },
   "BuildNumber": {
       "Type" : "String",
	   "Default" : "",
	   "Description": "BuildNumber is required to find the ami id but if imageid is passed this parameter will not be used."
    },
   "NamePattern": {
		"Type" : "String",
		"Default": "VZ-PBXV*",
		"Description": "NamePattern is required to find the ami id but if imageid is passed this parameter will not be used."
	},
    "InfraKey": {
	 "Type" : "String",
	 "Default": "InfraCommon",
	 "Description": "InfraKey is required to refer to lambda for ami id lookup but if imageid is passed this parameter will not be used."
	 }  
  },
  "Conditions" : {
      "NotUseImageId" : {"Fn::Equals" : [{"Ref" : "ImageId"}, ""]}
  },
  "Mappings": {   
  },
  "Metadata": {    
  },
  "Resources": {
    "AMIInfo": {
      "Type": "Custom::AMIInfo",
      "Properties": {
        "ServiceToken": {"Fn::Join" : [":", ["arn:aws:lambda", { "Ref" : "AWS::Region" }, {"Ref": "AWS::AccountId"}, {"Fn::Join" : ["", ["function:","IVAV",{"Ref":"InfraKey"},"-BuildAMILookup"]]}]]},
        "Region": { "Ref": "AWS::Region" },
		"AppID": { "Ref": "AppID" },
		"AppVersion": { "Ref": "AppVersion" },
		"NamePattern": { "Ref": "NamePattern" },
		"BuildTag": { "Ref": "BuildNumber" }
      }
    },
    "NotificationTopicPBXV0": {
      "Type": "AWS::SNS::Topic",
      "Properties": {
        "Subscription": [
          {
            "Endpoint": { "Ref" : "OperatorEmail" },
            "Protocol": "email"
          }
        ]
      }
    },
    "launchconfigPBXV0": {
      "Type": "AWS::AutoScaling::LaunchConfiguration",
      "DependsOn": ["AMIInfo"],
      "Properties": {
        "IamInstanceProfile": { "Ref" : "IAM" },
        "SecurityGroups": { "Ref" : "SecurityGroups" },
        "InstanceType": { "Ref" : "Instancetype" },
        "ImageId": { "Fn::If" : [ "NotUseImageId", { "Fn::GetAtt": [ "AMIInfo", "Id" ] },{"Ref" : "ImageId"} ] },
        "UserData": {
          "Fn::Base64": {
            "Fn::Join": [
              "",
              [
                "#!/bin/bash \n",
                "# Setup environment", "\n",
                "export http_proxy=http://proxy.ebiz.verizon.com:80\n",
                "export https_proxy=http://proxy.ebiz.verizon.com:80\n",
                "export no_proxy=\"169.254.169.254, .verizon.com\"\n",
                "newip=`hostname`", "\n",
                "dos2unix /apps/etc/SSI/appattacheni.sh; chmod 775 /apps/etc/SSI/appattacheni.sh", "\n" ,              
                "su -m root -c '/apps/etc/SSI/appattacheni.sh'", "\n",
				"cp /apps/etc/SSI/host.HOSTNAME.mqm /apps/etc/SSI/host.$newip.mqm ; cp /apps/etc/SSI/host.HOSTNAME.mqmcert /apps/etc/SSI/host.$newip.mqmcert", "\n",
				"cp /apps/opt/dppnuadm/modules/config/UAT/awscloud/host.vimpact-awsapp.NUAFRDSTA01A /apps/etc/SSI/host.$newip.NUAFRDSTA01A", "\n",
				"chmod 777 /apps/etc/SSI/host.$newip.mqm /apps/etc/SSI/host.$newip.NUAFRDSTA01A /apps/etc/SSI/host.$newip.mqmcert", "\n",
				"cd /apps/opt/softwares/ ;wget https://oneartifactory.verizon.com/artifactory/PBXV_VIMPAC/AWS_PKG/VZmqmcrt-7.5-Linux2.rpm --user=jenkins --password=jenkins123", "\n",
                "dos2unix /apps/opt/softwares/mqmstart.sh ; chmod 775 /apps/opt/softwares/mqmstart.sh", "\n",                
                "su -m mqm -c '/apps/opt/softwares/mqmstart.sh'", "\n",
                "rpm -ivh /apps/opt/softwares/VZmqmcrt-7.5-Linux2.rpm --nodeps --force", "\n",
                "echo \"Initiated MQM Startup\" > /apps/opt/softwares/boot.log 2>&1", "\n\n",
                "dos2unix /apps/opt/softwares/appstart.sh ; chmod 775 /apps/opt/softwares/appstart.sh", "\n",
                "su -m dppnuadm -c '/apps/opt/softwares/appstart.sh'", "\n",
                "echo \"Initiated SM Startup\" > /apps/opt/softwares/boot.log 2>&1", "\n\n", 
                "su -m dppnuadm -c 'chmod 755 /apps/opt/dppnuadm/scripts/check_ssh_vimpact_RequestNetUser_process.ksh'", "\n",
                "su -m dppnuadm -c '/apps/opt/dppnuadm/scripts/check_ssh_vimpact_RequestNetUser_process.ksh'", "\n",
                "su -m dppnuadm -c 'chmod 755 /home/dppnuadm/Zuulforwareder_report.sh'", "\n" ,
                "su -m dppnuadm -c '/home/dppnuadm/Zuulforwareder_report.sh'", "\n" ,
                "/opt/aws/bin/cfn-signal -e $? ",
                "         --stack ", { "Ref": "AWS::StackName" },
                "         --resource ASG",
                "         --region ", { "Ref" : "AWS::Region" }, "\n",

                "/opt/aws/bin/cfn-init -v ",
                "         --stack ", { "Ref" : "AWS::StackName" },
                "         --resource LC",
                "         --configsets install ",
                "         --region ", { "Ref" : "AWS::Region" }, "\n",

                "\n\n"
              ]
            ]
	    }
	}
      }
    },
    "asgPBXV0": {
      "Type": "AWS::AutoScaling::AutoScalingGroup",
      "Properties": {
        "LoadBalancerNames": { "Ref" : "ELBAPP" },
        "MinSize": { "Ref" : "MinEC2Instances" },
        "VPCZoneIdentifier": { "Ref" : "VPCZoneIdentifier" },
        "LaunchConfigurationName": { "Ref": "launchconfigPBXV0" },
        "AvailabilityZones": { "Ref" : "AvailabilityZone" },
        "DesiredCapacity": { "Ref" : "MinEC2Instances"},
        "Tags": [
          {
            "PropagateAtLaunch": "true",
            "Value": {
              "Ref": "UserID"
            },
            "Key": "UserID"
          },
          {
            "PropagateAtLaunch": "true",
            "Value": {
              "Ref": "AppID"
            },
            "Key": "Vsad"
          },
          {
                  "Key":"nostop",
                  "Value": "nostop",
                  "PropagateAtLaunch" : "true"
           },
          {
            "PropagateAtLaunch": "true",
            "Value": {"Ref": "ASGName" },
            "Key": "Name"
          },
          {
            "PropagateAtLaunch": "true",
            "Value": {
              "Ref": "Role"
            },
            "Key": "Role"
          },
          {
            "PropagateAtLaunch": "true",
            "Value": "Version1.2",
            "Key": "NTS Pipeline"
          }
        ],
        "MaxSize": { "Ref" : "MaxEC2Instances" },
        "HealthCheckGracePeriod": "800",
        "NotificationConfiguration": {
          "NotificationTypes": [
            "autoscaling:EC2_INSTANCE_LAUNCH",
            "autoscaling:EC2_INSTANCE_LAUNCH_ERROR",
            "autoscaling:EC2_INSTANCE_TERMINATE",
            "autoscaling:EC2_INSTANCE_TERMINATE_ERROR"
          ],
          "TopicARN": {
            "Ref": "NotificationTopicPBXV0"
          }
        },
        "HealthCheckType": "EC2"
      },
      "UpdatePolicy": {
        "AutoScalingRollingUpdate": {
          "PauseTime": "PT10M",
          "MaxBatchSize": "1"
        }
      }
    },
    "scaleuppolicyPBXV0": {
      "Type": "AWS::AutoScaling::ScalingPolicy",
      "Properties": {
        "EstimatedInstanceWarmup": "60",
        "AdjustmentType": "ChangeInCapacity",
        "AutoScalingGroupName": {
          "Ref": "asgPBXV0"
        },
        "PolicyType": "StepScaling",
        "StepAdjustments": [
          {
            "ScalingAdjustment": "1",
            "MetricIntervalLowerBound": "0"
          }
        ],
        "MetricAggregationType": "Average"
      }
    },
    "scaledownpolicyPBXV0": {
      "Type": "AWS::AutoScaling::ScalingPolicy",
      "Properties": {
        "EstimatedInstanceWarmup": "60",
        "AdjustmentType": "ChangeInCapacity",
        "AutoScalingGroupName": {
          "Ref": "asgPBXV0"
        },
        "PolicyType": "StepScaling",
        "StepAdjustments": [
          {
            "ScalingAdjustment": "-1",
            "MetricIntervalUpperBound": "0"
          }
        ],
        "MetricAggregationType": "Average"
      }
    },
    "cpualarmlowPBXV0": {
      "Type": "AWS::CloudWatch::Alarm",
      "Properties": {
        "ComparisonOperator": "LessThanThreshold",
        "Dimensions": [
          {
            "Name": "AutoScalingGroupName",
            "Value": {
              "Ref": "asgPBXV0"
            }
          }
        ],
        "EvaluationPeriods": "3",
        "AlarmActions": [
          {
            "Ref": "scaledownpolicyPBXV0"
          }
        ],
        "Threshold": "20",
        "Statistic": "Average",
        "AlarmDescription": "Alarm if CPU falls below CPUlow threshold for a sustained period of 60 seconds",
        "Namespace": "AWS/EC2",
        "Period": "60",
        "MetricName": "CPUUtilization"
      }
    },
    "cpualarmhighPBXV0": {
      "Type": "AWS::CloudWatch::Alarm",
      "Properties": {
        "ComparisonOperator": "GreaterThanThreshold",
        "Dimensions": [
          {
            "Name": "AutoScalingGroupName",
            "Value": {
              "Ref": "asgPBXV0"
            }
          }
        ],
        "EvaluationPeriods": "3",
        "AlarmActions": [
          {
            "Ref": "scaleuppolicyPBXV0"
          }
        ],
        "Threshold": "80",
        "Statistic": "Average",
        "AlarmDescription": "Alarm if CPU > CPUhigh threshold for a sustained period of 60 seconds",
        "Namespace": "AWS/EC2",
        "Period": "60",
        "MetricName": "CPUUtilization"
      }
    }
  },
  "Outputs": {
    "asgPBXV0": {
      "Description": "AutoScalingGroup Name",
      "Value": {
        "Ref": "asgPBXV0"
      }
    }
  }
}