{
  "AWSTemplateFormatVersion": "2010-09-09",

  "Parameters" : {    
    "Environment" : {      
      "Type" : "String",
      "Description" : "Environment"
    },
    "AppID" : {      
      "Type" : "String",
      "Description" : "Application ID"
    },
    "UserID" : {
	  "Type" : "String"
    },	
	"SecurityGroups": {
		"Type" : "CommaDelimitedList"
	},
	"AppSubnetID": {
		"Type" : "String"
	},
	"AppSubnetID1": {
		"Type" : "String"
	},
	"Role" : {      
      "Type" : "String"
    }
  },

  "Conditions" : {
   },
  "Mappings": {
   },
  "Metadata": {
  },

  "Resources": {
    "ENI1" : {
      "Type" : "AWS::EC2::NetworkInterface",
      "Properties" : {
        "Tags":[
               {
                  "Key":"Persistent",
                  "Value": "true"
               },
			   {
				  "Key":"UserID",
				  "Value": { "Ref" : "UserID" }
			   },
			   {
				  "Key":"Role",
				  "Value": { "Ref" : "Role" }
			   },
			   {
				  "Key":"Vsad",
				  "Value": { "Ref" : "AppID" }
			   },				   
			   {
				  "Key":"Name",
				  "Value": {"Fn::Join" : ["", [ {"Ref" : "AppID"}, {"Ref" : "Environment"}, "-ENIAPP"]]} 
			   },	
               {
                  "Key":"Environment",
                  "Value": {"Fn::Join" : ["", [ {"Ref" : "AppID"}, {"Ref" : "Environment"}]]} 
               }
        ],
        "Description": {"Fn::Join" : ["", [ {"Ref" : "AppID"}," ENI: ", {"Ref" : "Environment"}]]},
        "SourceDestCheck": "false",
        "GroupSet": { "Ref" : "SecurityGroups" },
        "SubnetId": { "Ref" : "AppSubnetID" }
     } 
    },
    "ENI2" : {
      "Type" : "AWS::EC2::NetworkInterface",
      "Properties" : {
        "Tags":[
				 {
				  "Key":"UserID",
				  "Value": { "Ref" : "UserID" }
			   },
			   {
				  "Key":"Role",
				  "Value": { "Ref" : "Role" }
			   },
			   {
				  "Key":"Vsad",
				  "Value": { "Ref" : "AppID" }
			   },
			   {
				  "Key": "Persistent",
				  "Value": "true"
			   },				   
			   {
				  "Key":"Name",
				  "Value": {"Fn::Join" : ["", [ {"Ref" : "AppID"}, {"Ref" : "Environment"}, "-ENIAPP"]]} 
			   },
               {
                  "Key":"Environment",
                  "Value": {"Fn::Join" : ["", [ {"Ref" : "AppID"}, {"Ref" : "Environment"}]]} 
               }
        ],
         "Description": {"Fn::Join" : ["", [ {"Ref" : "AppID"}," ENI: ", {"Ref" : "Environment"}]]},
        "SourceDestCheck": "false",
        "GroupSet": { "Ref" : "SecurityGroups" },
        "SubnetId": { "Ref" : "AppSubnetID1" }
		}
    }     
  },
  "Outputs": {
       "ENI1": {
           "Value": { "Ref": "ENI1" }
       },
       "ENI2": {
           "Value": { "Ref": "ENI2" }
       }
    }	   
}