{
  "AWSTemplateFormatVersion": "2010-09-09",
  "Description": "AWS CF Template generated by the Pyplate API call.",
  "Parameters": {
    "AppID" : {      
      "Type" : "String"
	},
    "UserID" : {
      "Type" : "String"
    },
	"SecurityGroups": {
		"Type" : "CommaDelimitedList"
	},
	"Role" : {
      "Type" : "String"
    } ,
    "ASGName": {
      "Type": "String"
    },
	"VPCZoneIdentifier": {
		"Type" : "CommaDelimitedList"
	},
	"IAM": {
		"Type" : "String"
	},
	"ImageId": {
		"Type" : "String"
	},
	"ELBAPP" : {
      "Type" : "CommaDelimitedList"
    },
	"MinEC2Instances": {
      "Type" : "Number"
    },
    "MaxEC2Instances": {
      "Type" : "Number"
    },
	"AvailabilityZone" :{
	 "Type" : "CommaDelimitedList"
	},
	"Instancetype" : {
      "Type" : "String"
    },
	"OperatorEmail" : {
	  "Type" : "String"
	},
	"Environment": {
         "Type": "String"
      },
    "SSOEnabled": {
         "Type": "String",
         "Description": "SSO Enabled or Disabled"
      },
	"SSLEnabled": {
         "Type": "String",
         "Description": "SSLEnabled or Disabled"
      },      
    "CertARN": {
         "Type": "String"
      },
	"LBSubnets": {
		"Type" : "CommaDelimitedList"
	},
	"ELBS3Bucket" : {
      "Type" : "String"
    },
    "AppVersion": {
		"Type":"String",
		"Default": "",
		"Description": "AppVersion is required to find the ami id but if imageid is passed this parameter will not be used."
   },
   "BuildNumber": {
       "Type" : "String",
	   "Default" : "",
	   "Description": "BuildNumber is required to find the ami id but if imageid is passed this parameter will not be used."
    },
   "NamePattern": {
		"Type" : "String",
		"Default": "VZ-PBXV*",
		"Description": "NamePattern is required to find the ami id but if imageid is passed this parameter will not be used."
	},
    "InfraKey": {
	 "Type" : "String",
	 "Default": "InfraCommon",
	 "Description": "InfraKey is required to refer to lambda for ami id lookup but if imageid is passed this parameter will not be used."
	 }  
  },
  "Conditions" : {
      "NotUseImageId" : {"Fn::Equals" : [{"Ref" : "ImageId"}, ""]}
  },
  "Mappings": {   
  },
  "Metadata": {    
  },
  "Resources": {
    "AMIInfo": {
      "Type": "Custom::AMIInfo",
      "Properties": {
        "ServiceToken": {"Fn::Join" : [":", ["arn:aws:lambda", { "Ref" : "AWS::Region" }, {"Ref": "AWS::AccountId"}, {"Fn::Join" : ["", ["function:","IVAV",{"Ref":"InfraKey"},"-BuildAMILookup"]]}]]},
        "Region": { "Ref": "AWS::Region" },
		"AppID": { "Ref": "AppID" },
		"AppVersion": { "Ref": "AppVersion" },
		"NamePattern": { "Ref": "NamePattern" },
		"BuildTag": { "Ref": "BuildNumber" }
      }
    },
    "NotificationTopicPBXV0": {
      "Type": "AWS::SNS::Topic",
      "Properties": {
        "Subscription": [
          {
            "Endpoint": { "Ref" : "OperatorEmail" },
            "Protocol": "email"
          }
        ]
      }
    },
    "launchconfigPBXV0": {
      "Type": "AWS::AutoScaling::LaunchConfiguration",
      "DependsOn": ["AMIInfo"],
      "Properties": {
        "IamInstanceProfile": { "Ref" : "IAM" },
        "SecurityGroups": { "Ref" : "SecurityGroups" },
        "InstanceType": { "Ref" : "Instancetype" },
        "ImageId": { "Fn::If" : [ "NotUseImageId", { "Fn::GetAtt": [ "AMIInfo", "Id" ] },{"Ref" : "ImageId"} ] },
        "UserData": {
					"Fn::Base64": {
						"Fn::Join": [
							"", [
								"#!/bin/bash \n",
                                "# Setup environment", "\n",
                                "export http_proxy=http://proxy.ebiz.verizon.com:80\n",
                                "export https_proxy=http://proxy.ebiz.verizon.com:80\n",
                                "export no_proxy=\"169.254.169.254, .verizon.com\"\n",
                                "cd /apps/etc/SSI/ "\n",
                                oldip=`ls | grep - | head -1 | cut -d "." -f2`
                                newip=`hostname -s`
      sourceip=`ls | grep ip | head -1 | cut -d "." -f2 | cut -d "-" -f2-5 | sed 's/-/./g'`
      destip=`hostname -i`
      mv host.${oldip}.ebiz.verizon.com.sso.ssi host.${newip}.ebiz.verizon.com.sso.ssi
      mv host.${oldip}.ebiz.verizon.com.mqm host.${newip}.ebiz.verizon.com.mqm
      mv host.${oldip}.ebiz.verizon.com.VACQM mv host.${newip}.ebiz.verizon.com.VACQM
      mv host.${oldip}.ebiz.verizon.com.AgNode.cnf.esap host.${newip}.ebiz.verizon.com.AgNode.cnf.esap
      mv host.${oldip}.ebiz.verizon.com.config.par.esap host.${newip}.ebiz.verizon.com.config.par.esap
      mv host.${oldip}.ebiz.verizon.com.config.par.esapsip host.${newip}.ebiz.verizon.com.config.par.esapsip
      mv host.${oldip}.ebiz.verizon.com.dev.properties.esap host.${newip}.ebiz.verizon.com.dev.properties.esap
      mv host.${oldip}.ebiz.verizon.com.esap.properties.esap host.${newip}.ebiz.verizon.com.esap.properties.esap
      mv host.${oldip}.ebiz.verizon.com.esap.properties.esapsip host.${newip}.ebiz.verizon.com.esap.properties.esapsip
      mv host.${oldip}.ebiz.verizon.com.iobi.properties.esap host.${newip}.ebiz.verizon.com.iobi.properties.esap
      mv host.${oldip}.ebiz.verizon.com.javaRcms.par.esap host.${newip}.ebiz.verizon.com.javaRcms.par.esap
      mv host.${oldip}.ebiz.verizon.com.process.par.esap host.${newip}.ebiz.verizon.com.process.par.esap
      mv host.${oldip}.ebiz.verizon.com.proj-setup.esap host.${newip}.ebiz.verizon.com.proj-setup.esap
      mv host.${oldip}.ebiz.verizon.com.web.xml.esap.e911 host.${newip}.ebiz.verizon.com.web.xml.esap.e911
      mv host.${oldip}.ebiz.verizon.com.web.xml.esap.l3 host.${newip}.ebiz.verizon.com.web.xml.esap.l3
      mv host.${oldip}.ebiz.verizon.com.web.xml.esap.web host.${newip}.ebiz.verizon.com.web.xml.esap.web
      mv host.${oldip}.ebiz.verizon.com.workflow.properties.esap host.${newip}.ebiz.verizon.com.workflow.properties.esap
      sed 's/'"$oldip"'/'"$newip"'/g' < host.${newip}.ebiz.verizon.com.sso.ssi > host.${newip}.ebiz.verizon.com.sso.ssi_bkp
      mv -f host.${newip}.ebiz.verizon.com.sso.ssi_bkp host.${newip}.ebiz.verizon.com.sso.ssi     
      sed 's/'"$oldip"'/'"$newip"'/g' < host.${newip}.ebiz.verizon.com.AgNode.cnf.esap > host.${newip}.ebiz.verizon.com.AgNode.cnf.esap_bkp
      mv -f host.${newip}.ebiz.verizon.com.AgNode.cnf.esap_bkp host.${newip}.ebiz.verizon.com.AgNode.cnf.esap
      sed 's/'"$oldip"'/'"$newip"'/g' < host.${newip}.ebiz.verizon.com.config.par.esap > host.${newip}.ebiz.verizon.com.config.par.esap_bkp
      mv -f host.${newip}.ebiz.verizon.com.config.par.esap_bkp host.${newip}.ebiz.verizon.com.config.par.esap
      sed 's/'"$oldip"'/'"$newip"'/g' < host.${newip}.ebiz.verizon.com.config.par.esapsip > host.${newip}.ebiz.verizon.com.config.par.esapsip_bkp
      mv -f host.${newip}.ebiz.verizon.com.config.par.esapsip_bkp host.${newip}.ebiz.verizon.com.config.par.esapsip
      sed 's/'"$oldip"'/'"$newip"'/g' < host.${newip}.ebiz.verizon.com.dev.properties.esap > host.${newip}.ebiz.verizon.com.dev.properties.esap_bkp
      mv -f host.${newip}.ebiz.verizon.com.dev.properties.esap_bkp host.${newip}.ebiz.verizon.com.dev.properties.esap
      sed 's/'"$oldip"'/'"$newip"'/g' < host.${newip}.ebiz.verizon.com.esap.properties.esap > host.${newip}.ebiz.verizon.com.esap.properties.esap_bkp
      mv -f host.${newip}.ebiz.verizon.com.esap.properties.esap host.${newip}.ebiz.verizon.com.esap.properties.esap
      sed 's/'"$oldip"'/'"$newip"'/g' < host.${newip}.ebiz.verizon.com.esap.properties.esapsip > host.${newip}.ebiz.verizon.com.esap.properties.esapsip
      mv -f host.${newip}.ebiz.verizon.com.esap.properties.esapsip_bkp host.${newip}.ebiz.verizon.com.esap.properties.esapsip
      sed 's/'"$oldip"'/'"$newip"'/g' < host.${newip}.ebiz.verizon.com.iobi.properties.esap > host.${newip}.ebiz.verizon.com.iobi.properties.esap_bkp
      mv -f host.${newip}.ebiz.verizon.com.iobi.properties.esap_bkp host.${newip}.ebiz.verizon.com.iobi.properties.esap
      sed 's/'"$oldip"'/'"$newip"'/g' < host.${newip}.ebiz.verizon.com.javaRcms.par.esap > host.${newip}.ebiz.verizon.com.javaRcms.par.esap_bkp
      mv -f host.${newip}.ebiz.verizon.com.javaRcms.par.esap_bkp host.${newip}.ebiz.verizon.com.javaRcms.par.esap
      sed 's/'"$oldip"'/'"$newip"'/g' < host.${newip}.ebiz.verizon.com.process.par.esap > host.${newip}.ebiz.verizon.com.process.par.esap_bkp
      mv -f host.${newip}.ebiz.verizon.com.process.par.esap_bkp host.${newip}.ebiz.verizon.com.process.par.esap
      sed 's/'"$oldip"'/'"$newip"'/g' < host.${newip}.ebiz.verizon.com.proj-setup.esap > host.${newip}.ebiz.verizon.com.proj-setup.esap_bkp
      mv -f host.${newip}.ebiz.verizon.com.proj-setup.esap_bkp host.${newip}.ebiz.verizon.com.proj-setup.esap
      sed 's/'"$oldip"'/'"$newip"'/g' < host.${newip}.ebiz.verizon.com.web.xml.esap.e911 > host.${newip}.ebiz.verizon.com.web.xml.esap.e911_bkp
      mv -f host.${newip}.ebiz.verizon.com.web.xml.esap.e911_bkp host.${newip}.ebiz.verizon.com.web.xml.esap.e911
      sed 's/'"$oldip"'/'"$newip"'/g' < host.${newip}.ebiz.verizon.com.esap.l3 > host.${newip}.ebiz.verizon.com.esap.l3_bkp
      mv -f host.${newip}.ebiz.verizon.com.esap.l3_bkp host.${newip}.ebiz.verizon.com.esap.l3
      sed 's/'"$oldip"'/'"$newip"'/g' < host.${newip}.ebiz.verizon.com.esap.web > host.${newip}.ebiz.verizon.com.esap.web_bkp
      mv -f host.${newip}.ebiz.verizon.com.esap.web_bkp host.${newip}.ebiz.verizon.com.esap.web
      sed 's/'"$oldip"'/'"$newip"'/g' < host.${newip}.ebiz.verizon.com.workflow.properties.esap > host.${newip}.ebiz.verizon.com.workflow.properties.esap_bkp
      mv -f host.${newip}.ebiz.verizon.com.workflow.properties.esap_bkp host.${newip}.ebiz.verizon.com.workflow.properties.esap
                                "rpm -ivh /apps/opt/softwares/VZmqmcrt-7.5-Linux2.rpm --nodeps --force", "\n",
				                "rpm -e VZSSOwaL; rpm -e VZSSOcld" , "\n",
                                "rpm -ivh /apps/opt/softwares/VZSSOwaL-1252_SP1_CR05_RH6_64bit-1.i586.rpm --nodeps --force;rpm -ivh /apps/opt/softwares/VZSSOcld-1.0.0.4-1.i586.rpm --nodeps --force" , "\n",
                                "su -m root -c cd /apps/opt/siteminder/webagent/; . ./ca_wa_env.sh ; /usr/sbin/httpd -k start", "\n",
                                "su -m tomcat -c cd /apps/opt/tomcat/apache-tomcat/bin;. /dataserver/storc/setup_dit3;./start.sh", "\n",
                                "/opt/aws/bin/cfn-signal -e $? ",
                                "         --stack ", { "Ref": "AWS::StackName" },
                                "         --resource ASG",
                                "         --region ", { "Ref" : "AWS::Region" }, "\n",

                                "/opt/aws/bin/cfn-init -v ",
                                "         --stack ", { "Ref" : "AWS::StackName" },
                                "         --resource LC",
                                "         --configsets install ",
                                "         --region ", { "Ref" : "AWS::Region" }, "\n",

                                "\n\n"
              ]
            ]
	    }
	}
      }
    },
    "asgPBXV0": {
      "Type": "AWS::AutoScaling::AutoScalingGroup",
      "Properties": {
        "LoadBalancerNames": { "Ref" : "ELBAPP" },
        "MinSize": { "Ref" : "MinEC2Instances" },
        "VPCZoneIdentifier": { "Ref" : "VPCZoneIdentifier" },
        "LaunchConfigurationName": { "Ref": "launchconfigPBXV0" },
        "AvailabilityZones": { "Ref" : "AvailabilityZone" },
        "DesiredCapacity": { "Ref" : "MinEC2Instances"},
        "Tags": [
          {
            "PropagateAtLaunch": "true",
            "Value": {
              "Ref": "UserID"
            },
            "Key": "UserID"
          },
          {
            "PropagateAtLaunch": "true",
            "Value": {
              "Ref": "AppID"
            },
            "Key": "Vsad"
          },
          {
                  "Key":"nostop",
                  "Value": "nostop",
                  "PropagateAtLaunch" : "true"
          },
          {
            "PropagateAtLaunch": "true",
            "Value": {"Ref": "ASGName" },
            "Key": "Name"
          },
          {
            "PropagateAtLaunch": "true",
            "Value": {
              "Ref": "Role"
            },
            "Key": "Role"
          },
          {
            "PropagateAtLaunch": "true",
            "Value": "Version1.2",
            "Key": "NTS Pipeline"
          }
        ],
        "MaxSize": { "Ref" : "MaxEC2Instances" },
        "HealthCheckGracePeriod": "800",
        "NotificationConfiguration": {
          "NotificationTypes": [
            "autoscaling:EC2_INSTANCE_LAUNCH",
            "autoscaling:EC2_INSTANCE_LAUNCH_ERROR",
            "autoscaling:EC2_INSTANCE_TERMINATE",
            "autoscaling:EC2_INSTANCE_TERMINATE_ERROR"
          ],
          "TopicARN": {
            "Ref": "NotificationTopicPBXV0"
          }
        },
        "HealthCheckType": "EC2"
      },
      "UpdatePolicy": {
        "AutoScalingRollingUpdate": {
          "PauseTime": "PT10M",
          "MaxBatchSize": "1"
        }
      }
    },
    "scaleuppolicyPBXV0": {
      "Type": "AWS::AutoScaling::ScalingPolicy",
      "Properties": {
        "EstimatedInstanceWarmup": "60",
        "AdjustmentType": "ChangeInCapacity",
        "AutoScalingGroupName": {
          "Ref": "asgPBXV0"
        },
        "PolicyType": "StepScaling",
        "StepAdjustments": [
          {
            "ScalingAdjustment": "1",
            "MetricIntervalLowerBound": "0"
          }
        ],
        "MetricAggregationType": "Average"
      }
    },
    "scaledownpolicyPBXV0": {
      "Type": "AWS::AutoScaling::ScalingPolicy",
      "Properties": {
        "EstimatedInstanceWarmup": "60",
        "AdjustmentType": "ChangeInCapacity",
        "AutoScalingGroupName": {
          "Ref": "asgPBXV0"
        },
        "PolicyType": "StepScaling",
        "StepAdjustments": [
          {
            "ScalingAdjustment": "-1",
            "MetricIntervalUpperBound": "0"
          }
        ],
        "MetricAggregationType": "Average"
      }
    },
    "cpualarmlowPBXV0": {
      "Type": "AWS::CloudWatch::Alarm",
      "Properties": {
        "ComparisonOperator": "LessThanThreshold",
        "Dimensions": [
          {
            "Name": "AutoScalingGroupName",
            "Value": {
              "Ref": "asgPBXV0"
            }
          }
        ],
        "EvaluationPeriods": "3",
        "AlarmActions": [
          {
            "Ref": "scaledownpolicyPBXV0"
          }
        ],
        "Threshold": "20",
        "Statistic": "Average",
        "AlarmDescription": "Alarm if CPU falls below CPUlow threshold for a sustained period of 60 seconds",
        "Namespace": "AWS/EC2",
        "Period": "60",
        "MetricName": "CPUUtilization"
      }
    },
    "cpualarmhighPBXV0": {
      "Type": "AWS::CloudWatch::Alarm",
      "Properties": {
        "ComparisonOperator": "GreaterThanThreshold",
        "Dimensions": [
          {
            "Name": "AutoScalingGroupName",
            "Value": {
              "Ref": "asgPBXV0"
            }
          }
        ],
        "EvaluationPeriods": "3",
        "AlarmActions": [
          {
            "Ref": "scaleuppolicyPBXV0"
          }
        ],
        "Threshold": "80",
        "Statistic": "Average",
        "AlarmDescription": "Alarm if CPU > CPUhigh threshold for a sustained period of 60 seconds",
        "Namespace": "AWS/EC2",
        "Period": "60",
        "MetricName": "CPUUtilization"
      }
    }
  },
  "Outputs": {
    "asgPBXV0": {
      "Description": "AutoScalingGroup Name",
      "Value": {
        "Ref": "asgPBXV0"
      }
    }
  }
}
