{
	"AWSTemplateFormatVersion": "2010-09-09",
	"Parameters": {
		"Environment": {
			"Type": "String",
			"Description": "Environment"
		},
		"AppID": {
			"Type": "String",
			"Description": "Application ID"
		},
		"UserID": {
			"NoEcho": "true",
			"Type": "String"
		},
		"Role": {
			"Type": "String"
		},
		"SecurityGroups": {
			"Type": "String"
		},
		"SSOEnabled": {
			"Type": "String",
			"Description": "SSO Enabled or Disabled"
		},
		"SSLEnabled": {
			"Type": "String",
			"Description": "SSLEnabled or Disabled"
		},
		"CertARN": {
			"Type": "String"
		},
		"LBSubnets": {
			"Type": "String"
		},
		"ELBS3Bucket": {
			"Type": "String"
		},
		"ASGName": {
			"Type": "String"
		},
		"VPCZoneIdentifier": {
			"Type": "String"
		},
		"IAM": {
			"Type": "String"
		},
		"ImageId": {
			"Type": "String"
		},
		"ELBAPP": {
			"Type": "String"
		},
		"MinEC2Instances": {
			"Type": "Number"
		},
		"MaxEC2Instances": {
			"Type": "Number"
		},
		"AvailabilityZone": {
			"Type": "String"
		},
		"Instancetype": {
			"Type": "String"
		},
		"OperatorEmail": {
			"Type": "String"
		},
		"AppVersion": {
			"Type": "String",
			"Default": "",
			"Description": "AppVersion is required to find the ami id but if imageid is passed this parameter will not be used."
		},
		"BuildNumber": {
			"Type": "String",
			"Default": "",
			"Description": "BuildNumber is required to find the ami id but if imageid is passed this parameter will not be used."
		},
		"NamePattern": {
			"Type": "String",
			"Default": "VZ-PBXV-APP*",
			"Description": "NamePattern is required to find the ami id but if imageid is passed this parameter will not be used."
		},
		"InfraKey": {
			"Type": "String",
			"Default": "InfraCommon",
			"Description": "InfraKey is required to refer to lambda for ami id lookup but if imageid is passed this parameter will not be used."
		},
		"NestedS3URL": {
			"Description": "Name of an S3URL",
			"Type": "String"
		},
		"AppSubnet": {
				"Type": "String"
		},
		"AppSubnet1": {
				"Type": "String"
		}	
	},
	"Conditions": {
		"NotUseImageId": {
			"Fn::Equals": [{
				"Ref": "ImageId"
			},
			""]
		}
	},
	"Mappings": {
		
	},
	"Metadata": {
		
	},
	"Resources": {
		"ELBAPPS": {
			"Type": "AWS::CloudFormation::Stack",
			"Properties": {
				"TemplateURL": {
					"Fn::Join": ["",
					[{
						"Ref": "NestedS3URL"
					},
					"/CFT/APPELB.json"]]
				},
				"Parameters": {
					"Environment": {
						"Ref": "Environment"
					},
					"Role": {
						"Ref": "Role"
					},
					"AppID": {
						"Ref": "AppID"
					},
					"UserID": {
						"Ref": "UserID"
					},
					"SecurityGroups": {
						"Ref": "SecurityGroups"
					},
					
					"LBSubnets": {
						"Ref": "LBSubnets"
					},
					"ELBS3Bucket": {
						"Ref": "ELBS3Bucket"
					},
                    "CertARN": {
						"Ref": "CertARN"
					}					
					
				
				},
				"Tags": [{
					"Key": "Userid",
					"Value": {
						"Ref": "UserID"
					}
				},
				{
					"Key": "Role",
					"Value": {
						"Ref": "Role"
					}
				},
				{
					"Key": "Vsad",
					"Value": {
						"Ref": "AppID"
					}
				},
				{
					"Key": "Name",
					"Value": {
						"Fn::Join": ["",
						[{
							"Ref": "AppID"
						},
						{
							"Ref": "Environment"
						},
						"-ELBMQ"]]
					}
				}]
			}
		},
		"APPENIS": {
			"Type": "AWS::CloudFormation::Stack",
			"Properties": {
				"TemplateURL": {
					"Fn::Join": ["",
					[{
						"Ref": "NestedS3URL"
					},
					"/CFT/APPENI.json"]]
				},
				"Parameters": {
					"Environment": {
						"Ref": "Environment"
					},
					"Role": {
						"Ref": "Role"
					},
					"AppID": {
						"Ref": "AppID"
					},
					"UserID": {
						"Ref": "UserID"
					},
					"SecurityGroups": {
						"Ref": "SecurityGroups"
					},
					"AppSubnet": {
						"Ref": "AppSubnet"
					},
					"AppSubnet1": {
						"Ref": "AppSubnet1"
					}					
				},
				"Tags": [{
					"Key": "Userid",
					"Value": {
						"Ref": "UserID"
					}
				},
				{
					"Key": "Role",
					"Value": {
						"Ref": "Role"
					}
				},
				{
					"Key": "Vsad",
					"Value": {
						"Ref": "AppID"
					}
				},
				{
					"Key": "Name",
					"Value": {
						"Fn::Join": ["",
						[{
							"Ref": "AppID"
						},
						{
							"Ref": "Environment"
						},
						"-ENIAPP"]]
					}
				}]
			}
		},
		"APPASGSTACK": {
			"Type": "AWS::CloudFormation::Stack",
			"Properties": {
				"TemplateURL": {
					"Fn::Join": ["",
					[{
						"Ref": "NestedS3URL"
					},
					"/CFT/APPASG.json"]]
				},
				"Parameters": {
					"Environment": {
						"Ref": "Environment"
					},
					"Role": {
						"Ref": "Role"
					},
					"AppID": {
						"Ref": "AppID"
					},
					"UserID": {
						"Ref": "UserID"
					},
					"SecurityGroups": {
						"Ref": "SecurityGroups"
					},
					"SSOEnabled": {
						"Ref": "SSOEnabled"
					},
					"SSLEnabled": {
						"Ref": "SSLEnabled"
					},
					"CertARN": {
						"Ref": "CertARN"
					},
					"LBSubnets": {
						"Ref": "LBSubnets"
					},
					"ELBS3Bucket": {
						"Ref": "ELBS3Bucket"
					},
					"ASGName": {
						"Ref": "ASGName"
					},
					"VPCZoneIdentifier": {
						"Ref": "VPCZoneIdentifier"
					},
					"IAM": {
						"Ref": "IAM"
					},
					"ImageId": {
						"Ref": "ImageId"
					},
					"ELBAPP": {
						"Ref": "ELBAPP"
					},
					"MinEC2Instances": {
						"Ref": "MinEC2Instances"
					},
					"MaxEC2Instances": {
						"Ref": "MaxEC2Instances"
					},
					"AvailabilityZone": {
						"Ref": "AvailabilityZone"
					},
					"Instancetype": {
						"Ref": "Instancetype"
					},
					"OperatorEmail": {
						"Ref": "OperatorEmail"
					},
					"BuildNumber": {
						"Ref": "BuildNumber"
					},
					"InfraKey": {
						"Ref": "InfraKey"
					},
					"AppVersion": {
						"Ref": "AppVersion"
					},
					"NamePattern": {
						"Ref": "NamePattern"
					}
				},
				"Tags": [{
					"Key": "Userid",
					"Value": {
						"Ref": "UserID"
					}
				},
				{
					"Key": "Role",
					"Value": {
						"Ref": "Role"
					}
				},
				{
					"Key": "Vsad",
					"Value": {
						"Ref": "AppID"
					}
				},
				{
					"Key": "Name",
					"Value": {
						"Ref": "ASGName"
					}
				}]
			}
		}
	},
	"Outputs": {
		
	}
}