{
   "AWSTemplateFormatVersion": "2010-09-09",
   "Parameters": {
      "Environment": {
         "Type": "String",
         "Description": "Environment"
      },
      "AppID": {
         "Type": "String"
	  },
	  "UserID": {
         "NoEcho": "true",
         "Type": "String"
      },
      "Role" : {
          "Type" : "String"
      },
      "SecurityGroups": {
         "Type": "CommaDelimitedList"
      }, 
      "CertARN": {
         "Type": "String"
      },
	  "LBSubnets": {
		"Type" : "CommaDelimitedList"
	  },
	  "ELBS3Bucket": {
		"Type": "String"
	  }
   },
   "Mappings": { },
   "Metadata": {},
   "Resources": {
      "ELB": {
         "Type": "AWS::ElasticLoadBalancing::LoadBalancer",
         "Properties": {
            "Listeners": [
               {
                  "LoadBalancerPort": "1414",
                  "InstancePort": "1414",
                  "Protocol": "TCP"
               },
               {
                  "LoadBalancerPort": "4567",
                  "InstancePort": "4567",
                  "Protocol": "TCP"
               },
               {
                  "LoadBalancerPort": "4568",
                  "InstancePort": "4568",
                  "Protocol": "TCP"
               },
               {
                  "LoadBalancerPort": "4569",
                  "InstancePort": "4569",
                  "Protocol": "TCP"
               },
               {
                  "LoadBalancerPort": "4570",
                  "InstancePort": "4570",
                  "Protocol": "TCP"
               },
               {
                  "LoadBalancerPort": "2099",
                  "InstancePort": "2099",
                  "Protocol": "TCP"
               },
               {
                  "LoadBalancerPort": "22",
                  "InstancePort": "22",
                  "Protocol": "TCP"
               }
            ],
            "CrossZone": true,
            "HealthCheck": {
               "Target": "TCP:22",
               "HealthyThreshold": "3",
               "UnhealthyThreshold": "5",
               "Interval": "30",
               "Timeout": "5"
            },
            "ConnectionSettings": {
               "IdleTimeout": 3600
            },
            "LoadBalancerName": {
				"Fn::Join": ["", [{
					"Ref": "AppID"
					}, {
					"Ref": "Environment"
					}, "-ELBMQ"]]
				},
                "AccessLoggingPolicy": {
                  "Enabled": "false",
                  "S3BucketName": { "Ref": "ELBS3Bucket" }  
                },
            "ConnectionDrainingPolicy": {
               "Enabled": "true",
               "Timeout": "60"
            },
            "Scheme": "internal",
            "SecurityGroups": { "Ref": "SecurityGroups" },
            "Subnets" : { "Ref" : "LBSubnets"},
            "Tags":[                              
			   {
                  "Key":"UserID",
                  "Value": { "Ref" : "UserID" }
               },			   
               {
                  "Key":"Vsad",
                  "Value": { "Ref" : "AppID" }
               },
               {
                  "Key":"Name",
                  "Value": {"Fn::Join": ["",[{"Ref" : "AppID"},{"Ref": "Environment"},"-ELBMQ"]]}
               }          
            ]			
         }
      }
   },
   "Outputs": {
      "ELBAPP": {
         "Value": {
            "Ref": "ELB"
         }
      },
	  "MQMDNSName": {
           "Value": { "Fn::GetAtt": [ "ELB", "DNSName" ] }
       }
   }
}