{
  "AWSTemplateFormatVersion": "2010-09-09",
  "Description": "AWS CF Template generated by the Pyplate API call.",
  "Parameters": {
    "AppID": {
      "Type": "String"
    },
    "UserID": {
      "Type": "String"
    },
    "Role": {
      "Type": "String"
    },
    "InstanceName": {
      "Type": "String"
    },
    "Ec2SecurityGroup" : {
    "Type" : "CommaDelimitedList"
  },
  "AvailabilityZone" : {
    "Type" : "String"
  },
  "Subnet": {
    "Type": "String"
  },
 "IAMRole" : {
  "Type": "String"
  },
  "AMIID" : {
    "Type" : "String"
  },
  "kmskey" : {
    "Type" : "String"
  },
  "Instancetype" : {
    "Type" : "String"
  }  
  },
  "Resources": {
    "ec2NPAVinstance0": {
      "Type": "AWS::EC2::Instance",
      "Properties": {
        "SubnetId": { "Ref" : "Subnet" },
        "BlockDeviceMappings": [
          {
            "DeviceName": "/dev/sda1",
            "Ebs": {
              "DeleteOnTermination": "True",
              "VolumeSize": 40
            }
          }
        ],
        "AvailabilityZone": { "Ref" : "AvailabilityZone" },
        "SecurityGroupIds": { "Ref" : "Ec2SecurityGroup" },
        "Tags": [
          {
            "Value": {
              "Ref": "UserID"
            },
            "Key": "Userid"
          },
          {
            "Value": {
              "Ref": "AppID"
            },
            "Key": "Vsad"
          },
          {
            "Value": { "Ref" : "InstanceName" },
            "Key": "Name"
          },
          {
            "Value": {
              "Ref": "Role"
            },
            "Key": "Role"
          },
          {
            "Value": "yes",
            "Key": "nostop"
          },
          {
            "Value": "Version1.2",
            "Key": "NTS Pipeline"
          }
        ],
        "EbsOptimized": "false",
        "DisableApiTermination": "false",
        "InstanceType": { "Ref" : "Instancetype" },
        "IamInstanceProfile": { "Ref" : "IAMRole" },
        "ImageId": { "Ref" : "AMIID" }
      }
    },
    "ebsNPAV00": {
      "Type": "AWS::EC2::Volume",
      "Properties": {
        "AvailabilityZone": { "Ref" : "AvailabilityZone" },
        "Tags": [
          {
            "Value": {
              "Ref": "UserID"
            },
            "Key": "Userid"
          },
          {
            "Value": {
              "Ref": "AppID"
            },
            "Key": "Vsad"
          },
          {
            "Value": "VZ-NTS-NPAV-ebs1",
            "Key": "Name"
          },
          {
            "Value": {
              "Ref": "Role"
            },
            "Key": "Role"
          },
          {
            "Value": "Version1.2",
            "Key": "NTS Pipeline"
          }
        ],
        "Encrypted": "True",
        "VolumeType": "gp2",
        "KmsKeyId": { "Ref" : "kmskey" },
        "Size": "100"
      }
    },
    "ebsattachmentNPAV00": {
      "Type": "AWS::EC2::VolumeAttachment",
      "Properties": {
        "InstanceId": {
          "Ref": "ec2NPAVinstance0"
        },
        "Device": "/dev/sdc",
        "VolumeId": {
          "Ref": "ebsNPAV00"
        }
      }
    },
    "ebsNPAV01": {
      "Type": "AWS::EC2::Volume",
      "Properties": {
        "AvailabilityZone": { "Ref" : "AvailabilityZone" },
        "Tags": [
          {
            "Value": {
              "Ref": "UserID"
            },
            "Key": "Userid"
          },
          {
            "Value": {
              "Ref": "AppID"
            },
            "Key": "Vsad"
          },
          {
            "Value": "VZ-NTS-NPAV-ebs2",
            "Key": "Name"
          },
          {
            "Value": {
              "Ref": "Role"
            },
            "Key": "Role"
          },
          {
            "Value": "Version1.2",
            "Key": "NTS Pipeline"
          }
        ],
        "Encrypted": "True",
        "VolumeType": "gp2",
        "KmsKeyId": { "Ref" : "kmskey" },
        "Size": "100"
      }
    },
    "ebsattachmentNPAV01": {
      "Type": "AWS::EC2::VolumeAttachment",
      "Properties": {
        "InstanceId": {
          "Ref": "ec2NPAVinstance0"
        },
        "Device": "/dev/sdd",
        "VolumeId": {
          "Ref": "ebsNPAV01"
        }
      }
    },
    "ebsNPAV02": {
      "Type": "AWS::EC2::Volume",
      "Properties": {
        "AvailabilityZone": { "Ref" : "AvailabilityZone" },
        "Tags": [
          {
            "Value": {
              "Ref": "UserID"
            },
            "Key": "Userid"
          },
          {
            "Value": {
              "Ref": "AppID"
            },
            "Key": "Vsad"
          },
          {
            "Value": "VZ-NTS-NPAV-ebs3",
            "Key": "Name"
          },
          {
            "Value": {
              "Ref": "Role"
            },
            "Key": "Role"
          },
          {
            "Value": "Version1.2",
            "Key": "NTS Pipeline"
          }
        ],
        "Encrypted": "True",
        "VolumeType": "gp2",
        "KmsKeyId": { "Ref" : "kmskey" },
        "Size": "100"
      }
    },
    "ebsattachmentNPAV02": {
      "Type": "AWS::EC2::VolumeAttachment",
      "Properties": {
        "InstanceId": {
          "Ref": "ec2NPAVinstance0"
        },
        "Device": "/dev/sde",
        "VolumeId": {
          "Ref": "ebsNPAV02"
        }
      }
    },
    "ebsNPAV03": {
      "Type": "AWS::EC2::Volume",
      "Properties": {
        "AvailabilityZone": { "Ref" : "AvailabilityZone" },
        "Tags": [
          {
            "Value": {
              "Ref": "UserID"
            },
            "Key": "Userid"
          },
          {
            "Value": {
              "Ref": "AppID"
            },
            "Key": "Vsad"
          },
          {
            "Value": "VZ-NTS-NPAV-ebs4",
            "Key": "Name"
          },
          {
            "Value": {
              "Ref": "Role"
            },
            "Key": "Role"
          },
          {
            "Value": "Version1.2",
            "Key": "NTS Pipeline"
          }
        ],
        "Encrypted": "True",
        "VolumeType": "gp2",
        "KmsKeyId": { "Ref" : "kmskey" },
        "Size": "100"
      }
    },
    "ebsattachmentNPAV03": {
      "Type": "AWS::EC2::VolumeAttachment",
      "Properties": {
        "InstanceId": {
          "Ref": "ec2NPAVinstance0"
        },
        "Device": "/dev/sdf",
        "VolumeId": {
          "Ref": "ebsNPAV03"
        }
      }
    },
    "ebsNPAV04": {
      "Type": "AWS::EC2::Volume",
      "Properties": {
        "AvailabilityZone": { "Ref" : "AvailabilityZone" },
        "Tags": [
          {
            "Value": {
              "Ref": "UserID"
            },
            "Key": "Userid"
          },
          {
            "Value": {
              "Ref": "AppID"
            },
            "Key": "Vsad"
          },
          {
            "Value": "VZ-NTS-NPAV-ebs5",
            "Key": "Name"
          },
          {
            "Value": {
              "Ref": "Role"
            },
            "Key": "Role"
          },
          {
            "Value": "Version1.2",
            "Key": "NTS Pipeline"
          }
        ],
        "Encrypted": "True",
        "VolumeType": "gp2",
        "KmsKeyId": { "Ref" : "kmskey" },
        "Size": "5"
      }
    },
    "ebsattachmentNPAV04": {
      "Type": "AWS::EC2::VolumeAttachment",
      "Properties": {
        "InstanceId": {
          "Ref": "ec2NPAVinstance0"
        },
        "Device": "/dev/sdg",
        "VolumeId": {
          "Ref": "ebsNPAV04"
        }
      }
    },
    "ebsNPAV05": {
      "Type": "AWS::EC2::Volume",
      "Properties": {
        "AvailabilityZone": { "Ref" : "AvailabilityZone" },
        "Tags": [
          {
            "Value": {
              "Ref": "UserID"
            },
            "Key": "Userid"
          },
          {
            "Value": {
              "Ref": "AppID"
            },
            "Key": "Vsad"
          },
          {
            "Value": "VZ-NTS-NPAV-ebs6",
            "Key": "Name"
          },
          {
            "Value": {
              "Ref": "Role"
            },
            "Key": "Role"
          },
          {
            "Value": "Version1.2",
            "Key": "NTS Pipeline"
          }
        ],
        "Encrypted": "True",
        "VolumeType": "gp2",
        "KmsKeyId": { "Ref" : "kmskey" },
        "Size": "100"
      }
    },
    "ebsattachmentNPAV05": {
      "Type": "AWS::EC2::VolumeAttachment",
      "Properties": {
        "InstanceId": {
          "Ref": "ec2NPAVinstance0"
        },
        "Device": "/dev/sdh",
        "VolumeId": {
          "Ref": "ebsNPAV05"
        }
      }
    }
  },
  "Outputs": {
    "InstanceId": {
      "Description": "InstanceId of the newly created EC2 instance",
      "Value": {
        "Ref": "ec2NPAVinstance0"
      }
    },
    "AZ": {
      "Description": "Availability Zone of the newly created EC2 instance",
      "Value": {
        "Fn::GetAtt": [
          "ec2NPAVinstance0",
          "AvailabilityZone"
        ]
      }
    },
    "PrivateIP": {
      "Description": "PrivateIP of the newly created EC2 instance",
      "Value": {
        "Fn::GetAtt": [
          "ec2NPAVinstance0",
          "PrivateIp"
        ]
      }
    }
  }
}