{
   "AWSTemplateFormatVersion": "2010-09-09",
   "Parameters": {
      "Environment": {
         "Type": "String",
         "Description": "Environment"
      },
      "AppID": {
         "Type": "String",
	     "Description" : "Application ID"
	  },
	  "UserID": {
         "NoEcho": "true",
         "Type": "String"
      },
      "Role" : {
          "Type" : "String"
      },
      "SecurityGroups": {
         "Type": "CommaDelimitedList"
      }, 
      "SSOEnabled": {
         "Type": "String",
         "Description": "SSO Enabled or Disabled"
      },
	  "SSLEnabled": {
         "Type": "String",
         "Description": "SSLEnabled or Disabled"
      },      
      "CertARN": {
         "Type": "String"
      },
	  "LBSubnets": {
		"Type" : "CommaDelimitedList"
	},
	"ELBS3Bucket" : {
      "Type" : "String"
    },
    "ASGName": {
      "Type": "String"
    },
	"VPCZoneIdentifier": {
		"Type" : "CommaDelimitedList"
	},
	"IAM": {
		"Type" : "String"
	},
	"ImageId": {
		"Type" : "String"
	},
	"ELBAPP" : {
      "Type" : "CommaDelimitedList"
    },
	"MinEC2Instances": {
      "Type" : "Number"
    },
    "MaxEC2Instances": {
      "Type" : "Number"
    },
	"AvailabilityZone" :{
	 "Type" : "CommaDelimitedList"
	},
	"Instancetype" : {
      "Type" : "String"
    },
	"OperatorEmail" : {
	  "Type" : "String"
	},
    "AppVersion": {
		"Type":"String",
		"Default": "",
		"Description": "AppVersion is required to find the ami id but if imageid is passed this parameter will not be used."
   },
   "BuildNumber": {
       "Type" : "String",
	   "Default" : "",
	   "Description": "BuildNumber is required to find the ami id but if imageid is passed this parameter will not be used."
    },
   "NamePattern": {
		"Type" : "String",
		"Default": "VZ-DQXV*",
		"Description": "NamePattern is required to find the ami id but if imageid is passed this parameter will not be used."
	},
    "InfraKey": {
	 "Type" : "String",
	 "Default": "InfraCommon",
	 "Description": "InfraKey is required to refer to lambda for ami id lookup but if imageid is passed this parameter will not be used."
	 }  
   },
   "Metadata": {},
   "Resources": {
      "ELBWEB": {
         "Type": "AWS::ElasticLoadBalancing::LoadBalancer",
         "Properties": {
	         "Policies" : [
	          {
	            "PolicyName": "ELBSecurityPolicyName",
	            "PolicyType": "SSLNegotiationPolicyType",
	            "Attributes": [
	              {
	                "Name": "Reference-Security-Policy",
	                "Value": "ELBSecurityPolicy-TLS-1-1-2017-01"
	              }
	            ]
	          }
	        ],
            "LBCookieStickinessPolicy": [
               {
                  "CookieExpirationPeriod": "3600",
                  "PolicyName": "ELBGUIPolicy"
               }
            ],
            "Listeners": [
               {
                  "LoadBalancerPort": "443",
                  "InstancePort": "443",
                  "Protocol":  "https",  
                  "SSLCertificateId": {"Ref" : "CertARN"},
                  "PolicyNames": [ "ELBSecurityPolicyName" ]
               },
               {
                  "LoadBalancerPort": "80",
                  "InstancePort": "80",
                  "Protocol": "http"
               },
               { 
                  "LoadBalancerPort": "8001",
                  "InstancePort": "8001",
                  "Protocol":  "https",
                  "SSLCertificateId": {"Ref" : "CertARN"},
                  "PolicyNames": [ "ELBSecurityPolicyName" ]
               }
            ],
            "CrossZone": true,
            "HealthCheck": {
               "Target": "HTTP:80/keepalive.html",
               "HealthyThreshold": "3",
               "UnhealthyThreshold": "5",
               "Interval": "30",
               "Timeout": "5"
            },
            "ConnectionSettings": {
               "IdleTimeout": 3600
            },
            "LoadBalancerName": {"Fn::Join": ["",[{"Ref" : "AppID"},{"Ref": "Environment"},"-ELBWEB1"]]},		    
            "ConnectionDrainingPolicy": {
               "Enabled": "true",
               "Timeout": "60"
            },
            "Scheme": "internal",
            "SecurityGroups": { "Ref": "SecurityGroups" },
            "Subnets" : { "Ref" : "LBSubnets"},
            "Tags":[                              
			   {
                  "Key":"UserID",
                  "Value": { "Ref" : "UserID" }
               },			   
               {
                  "Key":"Vsad",
                  "Value": { "Ref" : "AppID" }
               },
               {
                  "Key":"Name",
                  "Value": {"Fn::Join": ["",[{"Ref" : "AppID"},{"Ref": "Environment"},"-ELBWEB"]]}
               }          
            ]			
         }
       }
      },
   "Outputs": {
      "ELBWEB": {
         "Value": {
            "Ref": "ELBWEB"
         }
      },
	  "GUIDNSName": {
           "Value": { "Fn::GetAtt": [ "ELBWEB", "DNSName" ] }
       }
   }
}