{
  "AWSTemplateFormatVersion": "2010-09-09",

  "Parameters" : {
   "AppID" : {
     "Type" : "String",
     "Default" : "PBXV",
     "Description" : "VAST ID"
   },
   "UserID" : {
     "Type" : "String"
   },
   "Role" : {
      "Type" : "String"
   } ,
   "Env" :{
       "Type" : "String",
	   "Default":"nonprod"
   },
   "VpcID":{
      "Type" : "String"
   }
  },

  "Resources": {

    "SG": {
      "Type": "AWS::EC2::SecurityGroup",
      "Properties": {
	    "GroupName" :  { "Fn::Join": [ ".", ["nts",{"Ref": "Env"},{"Ref":"AWS::Region"},{"Ref": "AppID"},"West-EC2SG"]]},
        "GroupDescription": { "Fn::Join": [ "", [{"Ref": "AppID"},"-EC2SecurityGroup"]]},
		"VpcId" : {"Ref" : "VpcID"},
		"SecurityGroupIngress" : [{
		"IpProtocol": "TCP",
		"FromPort": 1414,
		"ToPort": 1414,
		"CidrIp": "138.83.182.98/32"
	},{
		"IpProtocol": "TCP",
		"FromPort": 1414,
		"ToPort": 1414,
		"CidrIp": "138.83.179.19/32"
	},{
		"IpProtocol": "TCP",
		"FromPort": 1414,
		"ToPort": 1414,
		"CidrIp": "159.98.116.23/32"
	},{
		"IpProtocol": "TCP",
		"FromPort": 1414,
		"ToPort": 1414,
		"CidrIp": "138.83.182.97/32"
	},{
		"IpProtocol": "TCP",
		"FromPort": 1414,
		"ToPort": 1414,
		"CidrIp": "166.68.240.135/32"
	},{
		"IpProtocol": "TCP",
		"FromPort": 1414,
		"ToPort": 1414,
		"CidrIp": "138.83.130.59/32"
	},{
		"IpProtocol": "TCP",
		"FromPort": 1414,
		"ToPort": 1414,
		"CidrIp": "166.68.240.127/32"
	},{
		"IpProtocol": "TCP",
		"FromPort": 1414,
		"ToPort": 1414,
		"CidrIp": "166.68.125.126/32"
	},{
		"IpProtocol": "TCP",
		"FromPort": 1414,
		"ToPort": 1414,
		"CidrIp": "138.83.130.60/32"
	},{
		"IpProtocol": "TCP",
		"FromPort": 1414,
		"ToPort": 1414,
		"CidrIp": "166.68.240.129/32"
	},{
		"IpProtocol": "TCP",
		"FromPort": 1414,
		"ToPort": 1414,
		"CidrIp": "166.68.240.134/32"
	},{
		"IpProtocol": "TCP",
		"FromPort": 1414,
		"ToPort": 1414,
		"CidrIp": "166.68.40.229/32"
	},{
		"IpProtocol": "TCP",
		"FromPort": 1414,
		"ToPort": 1414,
		"CidrIp": "166.68.240.128/32"
	},{
		"IpProtocol": "TCP",
		"FromPort": 1414,
		"ToPort": 1414,
		"CidrIp": "159.98.116.28/32"
	},{
		"IpProtocol": "TCP",
		"FromPort": 1414,
		"ToPort": 1414,
		"CidrIp": "166.68.125.127/32"
	},{
		"IpProtocol": "TCP",
		"FromPort": 1414,
		"ToPort": 1414,
		"CidrIp": "166.68.130.56/32"
	},{
		"IpProtocol": "TCP",
		"FromPort": 1414,
		"ToPort": 1414,
		"CidrIp": "166.68.130.87/32"
	},{
		"IpProtocol": "TCP",
		"FromPort": 1414,
		"ToPort": 1414,
		"CidrIp": "166.68.40.228/32"
	},{
		"IpProtocol": "TCP",
		"FromPort": 1414,
		"ToPort": 1414,
		"CidrIp": "138.83.238.113/32"
	},{
		"IpProtocol": "TCP",
		"FromPort": 1414,
		"ToPort": 1414,
		"CidrIp": "166.68.220.80/32"
	},{
		"IpProtocol": "TCP",
		"FromPort": 1414,
		"ToPort": 1414,
		"CidrIp": "166.68.220.96/32"
	},{
		"IpProtocol": "TCP",
		"FromPort": 1414,
		"ToPort": 1414,
		"CidrIp": "166.68.40.230/32"
	},{
		"IpProtocol": "TCP",
		"FromPort": 1414,
		"ToPort": 1414,
		"CidrIp": "166.68.240.133/32"
	}
],
		"Tags":[
	    {
          "Key":"UserID",
          "Value": { "Ref" : "UserID" }
        },			   
        {
          "Key":"Vsad",
          "Value": { "Ref" : "AppID" }
        },
        {
          "Key":"Role",
          "Value": { "Ref" : "Role" }
        },
		{
          "Key":"Name",
          "Value": { "Fn::Join": [ ".", ["nts",{"Ref": "Env"},{"Ref":"AWS::Region"},{"Ref": "AppID"},"WEST-EC2SG"]]}
        }
	  ]
      }
    }

   
  }
}
