{
  "AWSTemplateFormatVersion": "2010-09-09",
  "Description": "AWS CF Template generated by the Pyplate API call.",
  "Parameters": {
    "AppID": {
      "Type": "String"
    },
    "UserID": {
      "Type": "String"
    },
    "Role": {
      "Type": "String"
    },
    "InstanceName": {
      "Type": "String"
    },
    "Ec2SecurityGroup" : {
    "Type" : "CommaDelimitedList"
  },
  "AvailabilityZone" : {
    "Type" : "String"
  },
  "Subnet": {
    "Type": "String"
  },
 "IAMRole" : {
  "Type": "String"
  },
  "ImageId" : {
    "Type" : "String"
  },
  "kmskey" : {
    "Type" : "String"
  },
  "ENIID": {
	"Type": "String"
  },
  "AppRegion" : {      
	"Type" : "String",
	"Description" : "Regions"
  },
  "Instancetype" : {
    "Type" : "String"
  },
  "AppVersion": {
		"Type":"String",
		"Default": "",
		"Description": "AppVersion is required to find the ami id but if imageid is passed this parameter will not be used."
   },
   "BuildNumber": {
       "Type" : "String",
	   "Default" : "",
	   "Description": "BuildNumber is required to find the ami id but if imageid is passed this parameter will not be used."
    },
   "NamePattern": {
		"Type" : "String",
		"Default": "VZ-PBXV-VAC*",
		"Description": "NamePattern is required to find the ami id but if imageid is passed this parameter will not be used."
	},
    "InfraKey": {
	 "Type" : "String",
	 "Default": "InfraCommon",
	 "Description": "InfraKey is required to refer to lambda for ami id lookup but if imageid is passed this parameter will not be used."
	 }
  },
  "Conditions" : {
      "NotUseImageId" : {"Fn::Equals" : [{"Ref" : "ImageId"}, ""]}
  },
  "Mappings": {   
  },
  "Metadata": {    
  },
  "Resources": {
    "AMIInfo": {
      "Type": "Custom::AMIInfo",
      "Properties": {
        "ServiceToken": {"Fn::Join" : [":", ["arn:aws:lambda", { "Ref" : "AWS::Region" }, {"Ref": "AWS::AccountId"}, {"Fn::Join" : ["", ["function:","IVAV",{"Ref":"InfraKey"},"-BuildAMILookup"]]}]]},
        "Region": { "Ref": "AWS::Region" },
		"AppID": { "Ref": "AppID" },
		"AppVersion": { "Ref": "AppVersion" },
		"NamePattern": { "Ref": "NamePattern" },
		"BuildTag": { "Ref": "BuildNumber" }
      }
    },
    "ec2PBXVinstance0": {
      "Type": "AWS::EC2::Instance",
      "DependsOn": ["AMIInfo"],
      "Properties": {
        "IamInstanceProfile": { "Ref" : "IAMRole" },
        "AvailabilityZone": { "Ref" : "AvailabilityZone" },
        "NetworkInterfaces": [ 
             { 
             "NetworkInterfaceId": { "Ref" : "ENIID" },
             "DeviceIndex": "0"
           }], 
        
		"UserData": {
		   "Fn::Base64": {
		   "Fn::Join": [
		      "",
			  [
								"#!/bin/bash \n",  
								"export http_proxy=http://vzproxy.verizon.com:80\n",
                                "export https_proxy=http://vzproxy.verizon.com:80\n",
                                "export no_proxy=\"169.254.169.254, .verizon.com\"\n",
								"export AppRegion=", { "Ref" : "AppRegion" }, "\n",
                                "cd /apps/opt/softwares/; /usr/bin/wget https://oneartifactory.verizon.com/artifactory/PBXV-ESAP/ESAP_VZT/ESAP_AWS/ESAP_FDV/ASG_Rehydrate_S2.ksh --user jenkins --password jenkins123 -O ASG_Rehydrate_S2.ksh", "\n",
				                "dos2unix /apps/opt/softwares/ASG_Rehydrate_S2.ksh; chmod 755 /apps/opt/softwares/ASG_Rehydrate_S2.ksh", "\n",
				                "su -m root -c '/apps/opt/softwares/ASG_Rehydrate_S2.ksh $AppRegion'", "\n",
                				"set -x", "\n",
								"/opt/aws/bin/cfn-signal -s true ",
                                "         --stack ",
                                {
                                    "Ref": "AWS::StackName"
                                },
                                "         --resource ec2PBXVinstance0 ",
                                "         --region ",
                                {
                                    "Ref": "AWS::Region"
                                },
								"\n\n"
				  ]
				]
			  }
			  },
        "Tags": [
          {
            "Value": {
              "Ref": "UserID"
            },
            "Key": "Userid"
          },
          {
            "Value": {
              "Ref": "AppID"
            },
            "Key": "Vsad"
          },
          {
            "Value": {
              "Ref": "InstanceName"
            },
            "Key": "Name"
          },
          {
            "Value": {
              "Ref": "Role"
            },
            "Key": "Role"
          },
          {
            "Value": "nostop",
            "Key": "nostop"
          },
          {
            "Value": "Version1.2",
            "Key": "NTS Pipeline"
          }
        ],
        "EbsOptimized": "false",
        "DisableApiTermination": "false",
        "InstanceType": { "Ref" : "Instancetype" },
        "ImageId": { "Fn::If" : [ "NotUseImageId", { "Fn::GetAtt": [ "AMIInfo", "Id" ] },{"Ref" : "ImageId"} ] }
      },
      "CreationPolicy": {
        "ResourceSignal": {
             "Timeout": "PT10M"
        }
      }
    }
  },
  "Outputs": {
    "InstanceId": {
      "Description": "InstanceId of the newly created EC2 instance",
      "Value": {
        "Ref": "ec2PBXVinstance0"
      }
    },
    "AZ": {
      "Description": "Availability Zone of the newly created EC2 instance",
      "Value": {
        "Fn::GetAtt": [
          "ec2PBXVinstance0",
          "AvailabilityZone"
        ]
      }
    },
    "PrivateIP": {
      "Description": "PrivateIP of the newly created EC2 instance",
      "Value": {
        "Fn::GetAtt": [
          "ec2PBXVinstance0",
          "PrivateIp"
        ]
      }
    }
  }
}
