{
	"AWSTemplateFormatVersion": "2010-09-09",
	"Description": "AWS CF Template generated by the Pyplate API call.",
	"Parameters": {
		"AppID": {
			"Type": "String"
		},
		"UserID": {
			"Type": "String"
		},
		"SecurityGroups": {
			"Type": "CommaDelimitedList"
		},
		"Role": {
			"Type": "String"
		},
		"VPCZoneIdentifier": {
			"Type": "CommaDelimitedList"
		},
		"IAM": {
			"Type": "String"
		},
		"ImageId": {
			"Type": "String"
		},
		"MinEC2Instances": {
			"Type": "Number"
		},
		"MaxEC2Instances": {
			"Type": "Number"
		},
		"AvailabilityZone": {
			"Type": "CommaDelimitedList"
		},
		"Instancetype": {
			"Type": "String"
		},
		"OperatorEmail": {
			"Type": "String"
		},
		"Environment": {
			"Type": "String"
		},
		"AppRegion" : {      
			"Type" : "String",
			"Description" : "Regions"
		},
		"LBSubnets": {
			"Type": "CommaDelimitedList"
		},
		"ELBS3Bucket": {
			"Type": "String"
		},
		"AppVersion": {
			"Type": "String",
			"Default": "",
			"Description": "AppVersion is required to find the ami id but if imageid is passed this parameter will not be used."
		},
		"BuildNumber": {
			"Type": "String",
			"Default": "",
			"Description": "BuildNumber is required to find the ami id but if imageid is passed this parameter will not be used."
		},
		"NamePattern": {
			"Type": "String",
			"Description": "NamePattern is required to find the ami id but if imageid is passed this parameter will not be used."
		},
		"InfraKey": {
			"Type": "String",
			"Default": "InfraCommon",
			"Description": "InfraKey is required to refer to lambda for ami id lookup but if imageid is passed this parameter will not be used."
		},
        "BuildNumber": {
			"Type": "String",
			"Default": ""
		},
        "albTargetGroup": {
            "Description": "albTargetGroup",
            "Type": "String"
        }
        
	},
	"Conditions" : {
      "NotUseImageId" : {"Fn::Equals" : [{"Ref" : "ImageId"}, ""]}
	  },
	  "Mappings": {   
	  },
	  "Metadata": {    
	  },
	"Resources": {
		"AMIInfo": {
			"Type": "Custom::AMIInfo",
			"Properties": {
				"ServiceToken": {"Fn::Join" : [":", ["arn:aws:lambda", { "Ref" : "AWS::Region" }, {"Ref": "AWS::AccountId"}, {"Fn::Join" : ["", ["function:","IVAV",{"Ref":"InfraKey"},"-BuildAMILookup"]]}]]},
				"Region": { "Ref": "AWS::Region" },
				"AppID": { "Ref": "AppID" },
				"AppVersion": { "Ref": "AppVersion" },
				"NamePattern": { "Ref": "NamePattern" },
				"BuildTag": { "Ref": "BuildNumber" }
			}
		},
		"NotificationTopicPBXV0": {
			"Type": "AWS::SNS::Topic",
			"Properties": {
				"Subscription": [{
					"Endpoint": { "Ref" : "OperatorEmail" },
					"Protocol": "email"
				}]
			}
		},
		"LC": {
			"Type": "AWS::AutoScaling::LaunchConfiguration",
			"DependsOn": ["AMIInfo"],
			"Properties": {
				"IamInstanceProfile": { "Ref" : "IAM" },
				"SecurityGroups": { "Ref" : "SecurityGroups" },
				"InstanceType": { "Ref" : "Instancetype" },
				"ImageId": { "Fn::If" : [ "NotUseImageId", { "Fn::GetAtt": [ "AMIInfo", "Id" ] },{"Ref" : "ImageId"} ] },
				"UserData": {
					"Fn::Base64": {
						"Fn::Join": [
							"", [
								"#!/bin/bash \n",  
								"# *********** ASG Setup environment ################", "\n",
								"export http_proxy=http://proxy.ebiz.verizon.com:80\n",
               				    "export https_proxy=http://proxy.ebiz.verizon.com:80\n",
                                "export no_proxy=\"169.254.169.254, .verizon.com\"\n",
								"export Environment=", { "Ref" : "Environment" }, "\n",
								"export AppRegion=", { "Ref" : "AppRegion" }, "\n",
								"export AppID=", { "Ref" : "AppID" }, "\n",
                                "cd /apps/opt/softwares/; /usr/bin/wget https://oneartifactory.verizon.com/artifactory/PBXV-ESAP/ESAP_VZT/ESAP_AWS/ESAP_FDV/fdv_asg.sh --user jenkins --password jenkins123", "\n",
				                "dos2unix /apps/opt/softwares/fdv_asg.sh; chmod 755 /apps/opt/softwares/fdv_asg.sh", "\n",
				                "su -m root -c '/apps/opt/softwares/fdv_asg.sh $AppID $Environment $AppRegion'", "\n",
                                "/opt/aws/bin/cfn-signal -e $? ",
								"         --stack ", { "Ref": "AWS::StackName" },
								"         --resource ASG",
								"         --region ", { "Ref" : "AWS::Region" }, "\n",
								"/opt/aws/bin/cfn-init -v ",
								"         --stack ", { "Ref" : "AWS::StackName" },
								"         --resource LC",
								"         --configsets install ",
								"         --region ", { "Ref" : "AWS::Region" }, "\n",
								
								"\n\n"
								
							]
						]
					}
				}
			},
			"Metadata": {
				"AWS::CloudFormation::Init": {
					"configSets": {
						"install": ["setup_cfnhup"]
					},

					"setup_cfnhup": {
						"files": {
							"/etc/cfn/cfn-hup.conf": {
								"content": {
									"Fn::Join": ["", [
									  "[main]\n",
									  "stack=", { "Ref" : "AWS::StackId" }, "\n",
									  "region=", { "Ref" : "AWS::Region" }, "\n",
									  "interval=2\n"
									]]
								},
								"mode": "000400",
								"owner": "root",
								"group": "root"
							}
						}
					}
				}
			}
		},
		"ASG": {
			"Type": "AWS::AutoScaling::AutoScalingGroup",
			"Properties": {
				"MinSize": { "Ref" : "MinEC2Instances" },
				"VPCZoneIdentifier": { "Ref" : "VPCZoneIdentifier" },
				"LaunchConfigurationName": { "Ref": "LC" },
				"AvailabilityZones": { "Ref" : "AvailabilityZone" },
				"DesiredCapacity": { "Ref" : "MinEC2Instances"},
				"Tags": [{
						"PropagateAtLaunch": "true",
						"Value": { "Ref": "UserID" },
						"Key": "Userid"
					},
					{
						"PropagateAtLaunch": "true",
						"Value": { "Ref": "AppID" },
						"Key": "Vsad"
					},
					{
						"Key": "nostop",
						"Value": "nostop",
						"PropagateAtLaunch": "true"
					},
					{
						"PropagateAtLaunch": "true",
						"Value": {"Fn::Join": ["",[{"Ref" : "AppID"},{"Ref": "Environment"},{"Ref": "AppRegion"},"-ASG"]]},
						"Key": "Name"
					},
					{
						"PropagateAtLaunch": "true",
						"Value": { "Ref": "Role" },
						"Key": "Role"
					},
					{
						"PropagateAtLaunch": "true",
						"Value": "Version1.2",
						"Key": "NTS Pipeline"
					}
				],
				"MaxSize": { "Ref" : "MaxEC2Instances" },
				"HealthCheckGracePeriod": "800",
				"TargetGroupARNs": [
                    {
                        "Ref": "albTargetGroup"
                    }
                ],
				"NotificationConfiguration": {
					"NotificationTypes": [
						"autoscaling:EC2_INSTANCE_LAUNCH",
						"autoscaling:EC2_INSTANCE_LAUNCH_ERROR",
						"autoscaling:EC2_INSTANCE_TERMINATE",
						"autoscaling:EC2_INSTANCE_TERMINATE_ERROR"
					],
					"TopicARN": {
						"Ref": "NotificationTopicPBXV0"
					}
				},
				"HealthCheckType": "EC2"
			},
			"UpdatePolicy": {
				"AutoScalingRollingUpdate": {
					"PauseTime": "PT10M",
					"MaxBatchSize": "1"
				}
			}
		},
		"scaleuppolicyPBXV0": {
			"Type": "AWS::AutoScaling::ScalingPolicy",
			"Properties": {
				"EstimatedInstanceWarmup": "60",
				"AdjustmentType": "ChangeInCapacity",
				"AutoScalingGroupName": {
					"Ref": "ASG"
				},
				"PolicyType": "StepScaling",
				"StepAdjustments": [{
					"ScalingAdjustment": "1",
					"MetricIntervalLowerBound": "0"
				}],
				"MetricAggregationType": "Average"
			}
		},
		"scaledownpolicyPBXV0": {
			"Type": "AWS::AutoScaling::ScalingPolicy",
			"Properties": {
				"EstimatedInstanceWarmup": "60",
				"AdjustmentType": "ChangeInCapacity",
				"AutoScalingGroupName": {
					"Ref": "ASG"
				},
				"PolicyType": "StepScaling",
				"StepAdjustments": [{
					"ScalingAdjustment": "-1",
					"MetricIntervalUpperBound": "0"
				}],
				"MetricAggregationType": "Average"
			}
		},
		"cpualarmlowPBXV0": {
			"Type": "AWS::CloudWatch::Alarm",
			"Properties": {
				"ComparisonOperator": "LessThanThreshold",
				"Dimensions": [{
					"Name": "AutoScalingGroupName",
					"Value": {
						"Ref": "ASG"
					}
				}],
				"EvaluationPeriods": "3",
				"AlarmActions": [{
					"Ref": "scaledownpolicyPBXV0"
				}],
				"Threshold": "20",
				"Statistic": "Average",
				"AlarmDescription": "Alarm if CPU falls below CPUlow threshold for a sustained period of 60 seconds",
				"Namespace": "AWS/EC2",
				"Period": "60",
				"MetricName": "CPUUtilization"
			}
		},
		"cpualarmhighPBXV0": {
			"Type": "AWS::CloudWatch::Alarm",
			"Properties": {
				"ComparisonOperator": "GreaterThanThreshold",
				"Dimensions": [{
					"Name": "AutoScalingGroupName",
					"Value": {
						"Ref": "ASG"
					}
				}],
				"EvaluationPeriods": "3",
				"AlarmActions": [{
					"Ref": "scaleuppolicyPBXV0"
				}],
				"Threshold": "80",
				"Statistic": "Average",
				"AlarmDescription": "Alarm if CPU > CPUhigh threshold for a sustained period of 60 seconds",
				"Namespace": "AWS/EC2",
				"Period": "60",
				"MetricName": "CPUUtilization"
			}
		}
	},
	"Outputs": {
		"ASG": {
			"Description": "AutoScalingGroup Name",
			"Value": {
				"Ref": "ASG"
			}
		}
	}
}