{
   "AWSTemplateFormatVersion": "2010-09-09",
   "Parameters": {
      "Environment": {
         "Type": "String",
         "Description": "Environment"
      },
      "AppRegion": {
         "Type": "String",
         "Description": "Regions"
      },
      "AppID": {
         "Type": "String",
	     "Description" : "Application ID"
	  },
	  "UserID": {
         "NoEcho": "true",
         "Type": "String"
      },
      "Role" : {
          "Type" : "String"
      },
      "SecurityGroups": {
         "Type": "CommaDelimitedList"
      },
	  "LBSubnets": {
		"Type" : "CommaDelimitedList"
	},
	"BUILDNUMBER1": {
			"Type": "String"
		},
	"ELBS3Bucket" : {
      "Type" : "String"
    }
   },
   "Mappings": { 
   },
   "Metadata": {
   },
   "Resources": {
      "FDVELB": {
         "Type": "AWS::ElasticLoadBalancing::LoadBalancer",
         "Properties": {
	         "Policies" : [
	          {
	            "PolicyName": "ELBSecurityPolicyName",
	            "PolicyType": "SSLNegotiationPolicyType",
	            "Attributes": [
	              {
	                "Name": "Reference-Security-Policy",
	                "Value": "ELBSecurityPolicy-TLS-1-1-2017-01"
	              }
	            ]
	          }
	        ],
            "LBCookieStickinessPolicy": [
               {
                  "CookieExpirationPeriod": "3600",
                  "PolicyName": "ELBGUIPolicy"
               }
            ],
            "Listeners": [
               {
                  "LoadBalancerPort": "1414",
                  "InstancePort": "1414",
                  "Protocol": "TCP"
               },
               {
                  "LoadBalancerPort": "22",
                  "InstancePort": "22",
                  "Protocol": "TCP"
               }
               
            ],
            "CrossZone": true,
            "HealthCheck": {
               "Target": "HTTP:80/keepalive.html",
               "HealthyThreshold": "3",
               "UnhealthyThreshold": "5",
               "Interval": "30",
               "Timeout": "5"
            },
            "ConnectionSettings": {
               "IdleTimeout": 3600
            },
            "LoadBalancerName": {"Fn::Join": ["",[{"Ref" : "AppID"},{"Ref": "Environment"},{"Ref": "AppRegion"},"-FDVELB",{"Ref": "BUILDNUMBER1"}]]},			
            "AccessLoggingPolicy": {
                  "Enabled": "false",
                  "S3BucketName": { "Ref": "ELBS3Bucket" }  
                },    
            "ConnectionDrainingPolicy": {
               "Enabled": "true",
               "Timeout": "60"
            },
            "Scheme": "internal",
            "SecurityGroups": { "Ref": "SecurityGroups" },
            "Subnets" : { "Ref" : "LBSubnets"},
            "Tags":[                              
			   {
                  "Key":"Userid",
                  "Value": { "Ref" : "UserID" }
               },			   
               {
                  "Key":"Vsad",
                  "Value": { "Ref" : "AppID" }
               },
               {
                  "Key":"Name",
                  "Value": {"Fn::Join": ["",[{"Ref" : "AppID"},{"Ref": "Environment"},{"Ref": "AppRegion"},"-FDVELB",{"Ref": "BUILDNUMBER1"}]]}
               }          
            ]			
         }
       }
      },
   "Outputs": {
      "FDVELB": {
         "Value": {
            "Ref": "FDVELB"
         }
      },
	  "GUIDNSName": {
           "Value": { "Fn::GetAtt": [ "FDVELB", "DNSName" ] }
       }
   }
}