{
	"AWSTemplateFormatVersion": "2010-09-09",
	"Parameters": {
		"Environment": {
			"Type": "String",
			"Description": "Environment"
		},
		"AppRegion" : {      
			"Type" : "String",
			"Default" : "NorthS1",
			"AllowedValues" : ["NorthS1", "S2"],
			"Description" : "Application Regions"
		},
		"AppID": {
			"Type": "String",
			"Description": "Application ID"
		},
		"UserID": {
			"NoEcho": "true",
			"Type": "String"
		},
		"Role": {
			"Type": "String"
		},
		"SecurityGroups": {
			"Type": "String"
		},
		"LBSubnets": {
			"Type": "String"
		},
		"ELBS3Bucket": {
			"Type": "String"
		},
		"VPCZoneIdentifier": {
			"Type": "String"
		},
		"IAM": {
			"Type": "String"
		},
		"ImageId": {
			"Type": "String"
		},
		"MinEC2Instances": {
			"Type": "Number"
		},
		"MaxEC2Instances": {
			"Type": "Number"
		},
		"AvailabilityZone": {
			"Type": "String"
		},
		"Instancetype": {
			"Type": "String"
		},
		"OperatorEmail": {
			"Type": "String"
		},
		"AppVersion": {
			"Type": "String",
			"Default": "",
			"Description": "AppVersion is required to find the ami id but if imageid is passed this parameter will not be used."
		},
		"BuildNumber": {
			"Type": "String",
			"Default": "",
			"Description": "BuildNumber is required to find the ami id but if imageid is passed this parameter will not be used."
		},
		"BUILDNUMBER1": {
			"Type": "String",
			"Default": ""
		},
		"NamePattern": {
			"Type": "String",
			"Default": "VZ-PBXV-FDV-CICD*",
			"Description": "NamePattern is required to find the ami id but if imageid is passed this parameter will not be used."
		},
		"InfraKey": {
			"Type": "String",
			"Default": "InfraCommon",
			"Description": "InfraKey is required to refer to lambda for ami id lookup but if imageid is passed this parameter will not be used."
		},
		"NestedS3URL": {
			"Description": "Name of an S3URL",
			"Type": "String"
		},
		"AppSubnetID1": {
		"Type" : "String"
		},
		"AppSubnetID2": {
			"Type" : "String"
		}
	},
	"Conditions": {
		"NotUseImageId": {
			"Fn::Equals": [{
				"Ref": "ImageId"
			},
			""]
		}
	},
	"Mappings": {
		
	},
	"Metadata": {
		
	},
	"Resources": {
		"FDVELBSTACK": {
			"Type": "AWS::CloudFormation::Stack",
			"Properties": {
				"TemplateURL": {"Fn::Join": ["",[{"Ref": "NestedS3URL"},"/FDV/ESAP-NP-FDV/FDVELB.json"]]},
				"Parameters": {
					"Environment": {"Ref": "Environment"},
					"Role": {"Ref": "Role"},
					"AppID": {"Ref": "AppID"},
					"UserID": {"Ref": "UserID"},
					"SecurityGroups": {"Ref": "SecurityGroups"},
					"LBSubnets": {"Ref": "LBSubnets"},
					"ELBS3Bucket": {"Ref": "ELBS3Bucket"},
					"AppRegion": { "Ref": "AppRegion"},
					"BUILDNUMBER1": {"Ref": "BUILDNUMBER1"}	
				},
				"Tags": [{
					"Key": "Userid",
					"Value": {"Ref": "UserID"}
				},
				{
					"Key": "Role",
					"Value": {"Ref": "Role"}
				},
				{
					"Key": "Vsad",
					"Value": {"Ref": "AppID"}
				},
               {
                  "Key":"Name",
                  "Value": {"Fn::Join": ["",[{"Ref" : "AppID"},{"Ref": "Environment"},{"Ref": "AppRegion"}]]}
               }
			 ]
		  }
		},
		
        "FDVENISTACK": {
			"Type": "AWS::CloudFormation::Stack",
			"Properties": {
				"TemplateURL": {"Fn::Join": ["",[{"Ref": "NestedS3URL"},"/FDV/ESAP-NP-FDV/FDVENI.json"]]},
				"Parameters": {
					"Environment": {"Ref": "Environment"},
					"Role": {"Ref": "Role"},
					"AppID": {"Ref": "AppID"},
					"UserID": {"Ref": "UserID"},
					"SecurityGroups": {"Ref": "SecurityGroups"},
					"AppSubnetID1": {"Ref": "AppSubnetID1"},
					"AppSubnetID2": {"Ref": "AppSubnetID2"},
					"AppRegion": { "Ref": "AppRegion"}
				},
				"Tags": [{
					"Key": "Userid",
					"Value": {"Ref": "UserID"}
				},
				{
					"Key": "Role",
					"Value": {"Ref": "Role"}
				},
				{
					"Key": "Vsad",
					"Value": {"Ref": "AppID"}
				},
				{
					"Key": "Name",
					"Value": {"Fn::Join": ["",[{"Ref" : "AppID"},{"Ref": "Environment"},{"Ref": "AppRegion"}]]}
				}]
			}
		},

		"FDVASGSTACK": {
			"Type": "AWS::CloudFormation::Stack",
			"Properties": {
				"TemplateURL": {"Fn::Join": ["",[{"Ref": "NestedS3URL"},"/FDV/ESAP-NP-FDV/FDVASG.json"]]},
				"Parameters": {
					"Environment": {"Ref": "Environment"},
					"Role": {"Ref": "Role"},
					"AppID": {"Ref": "AppID"},
					"UserID": {"Ref": "UserID"},
					"SecurityGroups": {"Ref": "SecurityGroups"},
					"LBSubnets": {"Ref": "LBSubnets"},
					"ELBS3Bucket": {"Ref": "ELBS3Bucket"},
					"VPCZoneIdentifier": {"Ref": "VPCZoneIdentifier"},
					"IAM": {"Ref": "IAM"},
					"ImageId": {"Ref": "ImageId"},
					"FDVELB" : {"Fn::GetAtt": [ "FDVELBSTACK", "Outputs.FDVELB" ]},
					"MinEC2Instances": {"Ref": "MinEC2Instances"},
					"MaxEC2Instances": {"Ref": "MaxEC2Instances"},
					"AvailabilityZone": {"Ref": "AvailabilityZone"},
					"Instancetype": {"Ref": "Instancetype"},
					"OperatorEmail": {"Ref": "OperatorEmail"},
					"BuildNumber": {"Ref": "BuildNumber"},
					"InfraKey": {"Ref": "InfraKey"},
					"AppVersion": {"Ref": "AppVersion"},
					"NamePattern": {"Ref": "NamePattern"},
					"AppRegion": { "Ref": "AppRegion"}
				},
				"Tags": [
				{
					"Key": "Userid",
					"Value": {"Ref": "UserID"}
				},
				{
					"Key": "Role",
					"Value": {"Ref": "Role"}
				},
				{
					"Key": "Vsad",
					"Value": {"Ref": "AppID"}
				},
                {
                  "Key":"Name",
                  "Value": {"Fn::Join": ["",[{"Ref" : "AppID"},{"Ref": "Environment"},{"Ref": "AppRegion"}]]}
                }
			  ]
			}
		}
	},
	"Outputs": {
       	   
    }
}