{
	"AWSTemplateFormatVersion": "2010-09-09",

	"Parameters": {
		"AppID": {
			"Type": "String",
			"Default": "PBXV",
			"Description": "VAST ID"
		},
		"UserID": {
			"Type": "String"
		},
		"Role": {
			"Type": "String"
		},
		"Env": {
			"Type": "String"
		},
		"VpcID": {
			"Type": "String"
		}
	},

	"Resources": {

		"SG": {
			"Type": "AWS::EC2::SecurityGroup",
			"Properties": {
				"GroupName": {
					"Fn::Join": [".", ["nts", {
						"Ref": "Env"
					}, {
						"Ref": "AWS::Region"
					}, {
						"Ref": "AppID"
					}, "SIP_EC2_NTAS_Connection_SG"]]
				},
				"GroupDescription": {
					"Fn::Join": ["", [{
						"Ref": "AppID"
					}, "-SIPEC2SecurityGroup"]]
				},
				"VpcId": {
					"Ref": "VpcID"
				},

				"SecurityGroupIngress": [

					{
						"IpProtocol": "tcp",
						"FromPort": 22,
						"ToPort": 22,
						"CidrIp": "138.83.90.35/32"
					},
					{
						"IpProtocol": "tcp",
						"FromPort": 22,
						"ToPort": 22,
						"CidrIp": "166.68.77.65/32"
					},
					{
						"IpProtocol": "tcp",
						"FromPort": 22,
						"ToPort": 22,
						"CidrIp": "166.68.36.111/32"
					},



					{
						"IpProtocol": "tcp",
						"FromPort": 22,
						"ToPort": 22,
						"CidrIp": "10.145.123.176/32"
					},
					{
						"IpProtocol": "tcp",
						"FromPort": 22,
						"ToPort": 22,
						"CidrIp": "63.25.128.5/32"
					},
					{
						"IpProtocol": "tcp",
						"FromPort": 22,
						"ToPort": 22,
						"CidrIp": "10.145.123.177/32"
					},
					{
						"IpProtocol": "tcp",
						"FromPort": 22,
						"ToPort": 22,
						"CidrIp": "63.25.128.7/32"
					},
					{
						"IpProtocol": "tcp",
						"FromPort": 22,
						"ToPort": 22,
						"CidrIp": "10.145.123.174/32"
					},
					{
						"IpProtocol": "tcp",
						"FromPort": 22,
						"ToPort": 22,
						"CidrIp": "63.25.128.8/32"
					},
					{
						"IpProtocol": "tcp",
						"FromPort": 22,
						"ToPort": 22,
						"CidrIp": "10.145.123.179/32"
					},
					{
						"IpProtocol": "tcp",
						"FromPort": 22,
						"ToPort": 22,
						"CidrIp": "63.25.66.142/32"
					},
					
					
					
					{
						"IpProtocol": "tcp",
						"FromPort": 22,
						"ToPort": 22,
						"CidrIp": "138.83.90.31/32"
					},
					{
						"IpProtocol": "tcp",
						"FromPort": 22,
						"ToPort": 22,
						"CidrIp": "138.83.90.33/32"
					},
					{
						"IpProtocol": "tcp",
						"FromPort": 22,
						"ToPort": 22,
						"CidrIp": "166.68.77.166/32"
					},
					{
						"IpProtocol": "tcp",
						"FromPort": 22,
						"ToPort": 22,
						"CidrIp": "166.68.77.233/32"
					},
					{
						"IpProtocol": "tcp",
						"FromPort": 22,
						"ToPort": 22,
						"CidrIp": "166.68.36.109/32"
					},
					{
						"IpProtocol": "tcp",
						"FromPort": 22,
						"ToPort": 22,
						"CidrIp": "166.68.36.110/32"
					}
					


				],
				"SecurityGroupEgress": [{
						"IpProtocol": "tcp",
						"FromPort": 22,
						"ToPort": 22,
						"CidrIp": "138.83.90.35/32"
					},
					{
						"IpProtocol": "tcp",
						"FromPort": 22,
						"ToPort": 22,
						"CidrIp": "166.68.77.65/32"
					},
					{
						"IpProtocol": "tcp",
						"FromPort": 22,
						"ToPort": 22,
						"CidrIp": "166.68.36.111/32"
					},



					{
						"IpProtocol": "tcp",
						"FromPort": 22,
						"ToPort": 22,
						"CidrIp": "10.145.123.176/32"
					},
					{
						"IpProtocol": "tcp",
						"FromPort": 22,
						"ToPort": 22,
						"CidrIp": "63.25.128.5/32"
					},
					{
						"IpProtocol": "tcp",
						"FromPort": 22,
						"ToPort": 22,
						"CidrIp": "10.145.123.177/32"
					},
					{
						"IpProtocol": "tcp",
						"FromPort": 22,
						"ToPort": 22,
						"CidrIp": "63.25.128.7/32"
					},
					{
						"IpProtocol": "tcp",
						"FromPort": 22,
						"ToPort": 22,
						"CidrIp": "10.145.123.174/32"
					},
					{
						"IpProtocol": "tcp",
						"FromPort": 22,
						"ToPort": 22,
						"CidrIp": "63.25.128.8/32"
					},
					{
						"IpProtocol": "tcp",
						"FromPort": 22,
						"ToPort": 22,
						"CidrIp": "10.145.123.179/32"
					},
					{
						"IpProtocol": "tcp",
						"FromPort": 22,
						"ToPort": 22,
						"CidrIp": "63.25.66.142/32"
					},
					
					{
						"IpProtocol": "tcp",
						"FromPort": 22,
						"ToPort": 22,
						"CidrIp": "138.83.90.31/32"
					},
					{
						"IpProtocol": "tcp",
						"FromPort": 22,
						"ToPort": 22,
						"CidrIp": "138.83.90.33/32"
					},
					{
						"IpProtocol": "tcp",
						"FromPort": 22,
						"ToPort": 22,
						"CidrIp": "166.68.77.166/32"
					},
					{
						"IpProtocol": "tcp",
						"FromPort": 22,
						"ToPort": 22,
						"CidrIp": "166.68.77.233/32"
					},
					{
						"IpProtocol": "tcp",
						"FromPort": 22,
						"ToPort": 22,
						"CidrIp": "166.68.36.109/32"
					},
					{
						"IpProtocol": "tcp",
						"FromPort": 22,
						"ToPort": 22,
						"CidrIp": "166.68.36.110/32"
					}
				],


				"Tags": [{
						"Key": "UserID",
						"Value": {
							"Ref": "UserID"
						}
					},
					{
						"Key": "Vsad",
						"Value": {
							"Ref": "AppID"
						}
					},
					{
						"Key": "Role",
						"Value": {
							"Ref": "Role"
						}
					},
					{
						"Key": "Name",
						"Value": {
							"Fn::Join": [".", ["nts", {
								"Ref": "Env"
							}, {
								"Ref": "AWS::Region"
							}, {
								"Ref": "AppID"
							}, "SIP_EC2_NTAS_SG"]]
						}
					}
				]
			}
		}
	}
}
