{
	"AWSTemplateFormatVersion": "2010-09-09",
	"Parameters": {
		"AppID": {
			"Type": "String",
			"Default": "PBXV",
			"Description": "VAST ID"
		},
		"UserID": {
			"Type": "String"
		},
		"Role": {
			"Type": "String"
		},
		"Env": {
			"Type": "String"
		},
		"VpcID": {
			"Type": "String"
		}
	},
	"Resources": {
		"SG": {
			"Type": "AWS::EC2::SecurityGroup",
			"Properties": {
				"GroupName": {
					"Fn::Join": [".", ["nts", {
						"Ref": "Env"
					}, {
						"Ref": "AWS::Region"
					}, {
						"Ref": "AppID"
					}, "SIP_EC2_AG_EGRESS_ONLY"]]
				},
				"GroupDescription": {
					"Fn::Join": ["", [{
						"Ref": "AppID"
					}, "_SIP_EC2_AG_EGRESS_ONLY"]]
				},
				"VpcId": {
					"Ref": "VpcID"
				},
				"SecurityGroupIngress": [

				],
				"SecurityGroupEgress": [
				
									{
						"IpProtocol": "tcp",
						"FromPort": 6997,
						"ToPort": 6997,
						"CidrIp": "159.98.66.4/25"
					},
					{
						"IpProtocol": "tcp",
						"FromPort": 6997,
						"ToPort": 6997,
						"CidrIp": "159.98.85.12/25"
					},
					{
						"IpProtocol": "tcp",
						"FromPort": 6997,
						"ToPort": 6997,
						"CidrIp": "159.98.90.4/25"
					},
					{
						"IpProtocol": "tcp",
						"FromPort": 6997,
						"ToPort": 6997,
						"CidrIp": "159.98.114.30/25"
					},
					{
						"IpProtocol": "tcp",
						"FromPort": 6997,
						"ToPort": 6997,
						"CidrIp": "159.98.104.111/32"
					},
					{
						"IpProtocol": "tcp",
						"FromPort": 6997,
						"ToPort": 6997,
						"CidrIp": "159.98.104.112/28"
					},
					{
						"IpProtocol": "tcp",
						"FromPort": 6997,
						"ToPort": 6997,
						"CidrIp": "159.98.104.128/29"
					},
					{
						"IpProtocol": "tcp",
						"FromPort": 6997,
						"ToPort": 6997,
						"CidrIp": "159.98.136.192/28"
					},
					{
						"IpProtocol": "tcp",
						"FromPort": 6997,
						"ToPort": 6997,
						"CidrIp": "166.35.141.194/29"
					},
					{
						"IpProtocol": "tcp",
						"FromPort": 6997,
						"ToPort": 6997,
						"CidrIp": "166.45.148.26/29"
					},
					{
						"IpProtocol": "tcp",
						"FromPort": 6997,
						"ToPort": 6997,
						"CidrIp": "166.40.227.176/28"
					},
					{
						"IpProtocol": "tcp",
						"FromPort": 6997,
						"ToPort": 6997,
						"CidrIp": "165.122.242.51/29"
					},
					{
						"IpProtocol": "tcp",
						"FromPort": 6997,
						"ToPort": 6997,
						"CidrIp": "165.122.248.122/28"
					},
					{
						"IpProtocol": "tcp",
						"FromPort": 6997,
						"ToPort": 6997,
						"CidrIp": "170.127.72.104/30"
					},
					
					{
						"IpProtocol": "tcp",
						"FromPort": 15000,
						"ToPort": 45000,
						"CidrIp": "159.98.66.4/25"
					},
					{
						"IpProtocol": "tcp",
						"FromPort": 15000,
						"ToPort": 45000,
						"CidrIp": "159.98.85.12/25"
					},
					{
						"IpProtocol": "tcp",
						"FromPort": 15000,
						"ToPort": 45000,
						"CidrIp": "159.98.90.4/25"
					},
					{
						"IpProtocol": "tcp",
						"FromPort": 15000,
						"ToPort": 45000,
						"CidrIp": "159.98.114.30/25"
					},
					{
						"IpProtocol": "tcp",
						"FromPort": 15000,
						"ToPort": 45000,
						"CidrIp": "159.98.104.111/32"
					},
					{
						"IpProtocol": "tcp",
						"FromPort": 15000,
						"ToPort": 45000,
						"CidrIp": "159.98.104.112/28"
					},
					{
						"IpProtocol": "tcp",
						"FromPort": 15000,
						"ToPort": 45000,
						"CidrIp": "159.98.104.128/29"
					},
					{
						"IpProtocol": "tcp",
						"FromPort": 15000,
						"ToPort": 45000,
						"CidrIp": "159.98.136.192/28"
					},
					{
						"IpProtocol": "tcp",
						"FromPort": 15000,
						"ToPort": 45000,
						"CidrIp": "166.35.141.194/29"
					},
					{
						"IpProtocol": "tcp",
						"FromPort": 15000,
						"ToPort": 45000,
						"CidrIp": "166.45.148.26/29"
					},
					{
						"IpProtocol": "tcp",
						"FromPort": 15000,
						"ToPort": 45000,
						"CidrIp": "166.40.227.176/28"
					},
					{
						"IpProtocol": "tcp",
						"FromPort": 15000,
						"ToPort": 45000,
						"CidrIp": "165.122.242.51/29"
					},
					{
						"IpProtocol": "tcp",
						"FromPort": 15000,
						"ToPort": 45000,
						"CidrIp": "165.122.248.122/28"
					},
					{
						"IpProtocol": "tcp",
						"FromPort": 15000,
						"ToPort": 45000,
						"CidrIp": "170.127.72.104/30"
					}
				
				],
				"Tags": [{
						"Key": "UserID",
						"Value": {
							"Ref": "UserID"
						}
					},
					{
						"Key": "Vsad",
						"Value": {
							"Ref": "AppID"
						}
					},
					{
						"Key": "Role",
						"Value": {
							"Ref": "Role"
						}
					},
					{
						"Key": "Name",
						"Value": {
							"Fn::Join": [".", ["nts", {
								"Ref": "Env"
							}, {
								"Ref": "AWS::Region"
							}, {
								"Ref": "AppID"
							}, "SIP_EC2_AG_EGRESS_ONLY"]]
						}
					}
				]
			}
		}
	}
}