{
	"AWSTemplateFormatVersion": "2010-09-09",

	"Parameters": {
		"AppID": {
			"Type": "String",
			"Default": "PBXV",
			"Description": "VAST ID"
		},
		"UserID": {
			"Type": "String"
		},
		"Role": {
			"Type": "String"
		},
		"SGName": {
			"Type": "String"
		},
		"VpcID": {
			"Type": "String"
		}
	},

	"Resources": {

		"SG": {
			"Type": "AWS::EC2::SecurityGroup",
			"Properties": {
				"GroupName": {
					"Fn::Join": [".", ["nts",{
						"Ref": "AWS::Region"
					}, {
						"Ref": "AppID"
					}, "TESTSG"]]
				},
				"GroupDescription": {
					"Fn::Join": ["", [{
						"Ref": "AppID"
					}, "-TESTEC2SecurityGroup"]]
				},
				"VpcId": {
					"Ref": "VpcID"
				},
				"SecurityGroupIngress": [
					{
						"IpProtocol": "tcp",
						"FromPort": 2220,
						"ToPort": 2220,
						"CidrIp": "173.17.5.50/30"
					}
				],
				
				"SecurityGroupEgress": [
				
				{
						"IpProtocol": "tcp",
						"FromPort": 2220,
						"ToPort": 2220,
						"CidrIp": "173.17.5.50/30"
					}
				],
				
				"Tags": [{
						"Key": "UserID",
						"Value": {
							"Ref": "UserID"
						}
					},
					{
						"Key": "Vsad",
						"Value": {
							"Ref": "AppID"
						}
					},
					{
						"Key": "Role",
						"Value": {
							"Ref": "Role"
						}
					},
					{
						"Key": "Name",
						"Value": {
							 
								"Ref": "SGName"
							}
						
					}
				]
			}
		}


	}
}