{
	"AWSTemplateFormatVersion": "2010-09-09",
	"Parameters": {
		"AppID": {
			"Type": "String",
			"Default": "PBXV",
			"Description": "VAST ID"
		},
		"UserID": {
			"Type": "String"
		},
		"Role": {
			"Type": "String"
		},
		"Env": {
			"Type": "String"
		},
		"VpcID": {
			"Type": "String"
		}
	},
	"Resources": {
		"SG": {
			"Type": "AWS::EC2::SecurityGroup",
			"Properties": {
				"GroupName": {
					"Fn::Join": [".", ["nts", {
						"Ref": "Env"
					}, {
						"Ref": "AWS::Region"
					}, {
						"Ref": "AppID"
					}, "SIP_EC2_VMM_8443_SG"]]
				},
				"GroupDescription": {
					"Fn::Join": ["", [{
						"Ref": "AppID"
					}, "-SIP_EC2_VMM_8443_SG"]]
				},
				"VpcId": {
					"Ref": "VpcID"
				},
				"SecurityGroupIngress": [
					{
						"IpProtocol": "tcp",
						"FromPort": 8443,
						"ToPort": 8443,
						"CidrIp": "140.108.150.21/32"
					},
					{
						"IpProtocol": "tcp",
						"FromPort": 8443,
						"ToPort": 8443,
						"CidrIp": "140.108.150.27/32"
					},
					{
						"IpProtocol": "tcp",
						"FromPort": 8443,
						"ToPort": 8443,
						"CidrIp": "140.108.150.33/32"
					},
					
					{
						"IpProtocol": "tcp",
						"FromPort": 8443,
						"ToPort": 8443,
						"CidrIp": "140.108.150.45/32"
					},
					{
						"IpProtocol": "tcp",
						"FromPort": 8443,
						"ToPort": 8443,
						"CidrIp": "140.108.150.51/32"
					},
					{
						"IpProtocol": "tcp",
						"FromPort": 8443,
						"ToPort": 8443,
						"CidrIp": "138.83.228.125/32"
					},
					{
						"IpProtocol": "tcp",
						"FromPort": 8443,
						"ToPort": 8443,
						"CidrIp": "138.83.228.131/32"
					},
					{
						"IpProtocol": "tcp",
						"FromPort": 8443,
						"ToPort": 8443,
						"CidrIp": "138.83.228.137/32"
					},
					{
						"IpProtocol": "tcp",
						"FromPort": 8443,
						"ToPort": 8443,
						"CidrIp": "138.83.228.144/32"
					},
					{
						"IpProtocol": "tcp",
						"FromPort": 8443,
						"ToPort": 8443,
						"CidrIp": "138.83.228.150/32"
					},
					{
						"IpProtocol": "tcp",
						"FromPort": 8443,
						"ToPort": 8443,
						"CidrIp": "140.108.16.211/32"
					},
					{
						"IpProtocol": "tcp",
						"FromPort": 8443,
						"ToPort": 8443,
						"CidrIp": "140.108.16.212/32"
					},
					{
						"IpProtocol": "tcp",
						"FromPort": 8443,
						"ToPort": 8443,
						"CidrIp": "138.83.228.43/32"
					},
					{
						"IpProtocol": "tcp",
						"FromPort": 8443,
						"ToPort": 8443,
						"CidrIp": "138.83.228.44/32"
					}
				],

				"SecurityGroupEgress": [
					{
						"IpProtocol": "tcp",
						"FromPort": 8443,
						"ToPort": 8443,
						"CidrIp": "140.108.150.21/32"
					},
					{
						"IpProtocol": "tcp",
						"FromPort": 8443,
						"ToPort": 8443,
						"CidrIp": "140.108.150.27/32"
					},
					{
						"IpProtocol": "tcp",
						"FromPort": 8443,
						"ToPort": 8443,
						"CidrIp": "140.108.150.33/32"
					},
					
					{
						"IpProtocol": "tcp",
						"FromPort": 8443,
						"ToPort": 8443,
						"CidrIp": "140.108.150.45/32"
					},
					{
						"IpProtocol": "tcp",
						"FromPort": 8443,
						"ToPort": 8443,
						"CidrIp": "140.108.150.51/32"
					},
					{
						"IpProtocol": "tcp",
						"FromPort": 8443,
						"ToPort": 8443,
						"CidrIp": "138.83.228.125/32"
					},
					{
						"IpProtocol": "tcp",
						"FromPort": 8443,
						"ToPort": 8443,
						"CidrIp": "138.83.228.131/32"
					},
					{
						"IpProtocol": "tcp",
						"FromPort": 8443,
						"ToPort": 8443,
						"CidrIp": "138.83.228.137/32"
					},
					{
						"IpProtocol": "tcp",
						"FromPort": 8443,
						"ToPort": 8443,
						"CidrIp": "138.83.228.144/32"
					},
					{
						"IpProtocol": "tcp",
						"FromPort": 8443,
						"ToPort": 8443,
						"CidrIp": "138.83.228.150/32"
					},
					{
						"IpProtocol": "tcp",
						"FromPort": 8443,
						"ToPort": 8443,
						"CidrIp": "140.108.16.211/32"
					},
					{
						"IpProtocol": "tcp",
						"FromPort": 8443,
						"ToPort": 8443,
						"CidrIp": "140.108.16.212/32"
					},
					{
						"IpProtocol": "tcp",
						"FromPort": 8443,
						"ToPort": 8443,
						"CidrIp": "138.83.228.43/32"
					},
					{
						"IpProtocol": "tcp",
						"FromPort": 8443,
						"ToPort": 8443,
						"CidrIp": "138.83.228.44/32"
					}
				],
				"Tags": [{
						"Key": "UserID",
						"Value": {
							"Ref": "UserID"
						}
					},
					{
						"Key": "Vsad",
						"Value": {
							"Ref": "AppID"
						}
					},
					{
						"Key": "Role",
						"Value": {
							"Ref": "Role"
						}
					},
					{
						"Key": "Name",
						"Value": {
							"Fn::Join": [".", ["nts", {
								"Ref": "Env"
							}, {
								"Ref": "AWS::Region"
							}, {
								"Ref": "AppID"
							}, "SIP_EC2_VMM_8443_SG"]]
						}
					}
				]
			}
		}
	}
}