{
	"AWSTemplateFormatVersion": "2010-09-09",
	"Parameters": {
		"AppID": {
			"Type": "String",
			"Default": "PBXV",
			"Description": "VAST ID"
		},
		"UserID": {
			"Type": "String"
		},
		"Role": {
			"Type": "String"
		},
		"Env": {
			"Type": "String"
		},
		"VpcID": {
			"Type": "String"
		}
	},
	"Resources": {
		"SG": {
			"Type": "AWS::EC2::SecurityGroup",
			"Properties": {
				"GroupName": {
					"Fn::Join": [".", ["nts", {
						"Ref": "Env"
					}, {
						"Ref": "AWS::Region"
					}, {
						"Ref": "AppID"
					}, "SIP_EC2_AG_Interface_SG"]]
				},
				"GroupDescription": {
					"Fn::Join": ["", [{
						"Ref": "AppID"
					}, "_SIP_EC2_AG_Interface_SG"]]
				},
				"VpcId": {
					"Ref": "VpcID"
				},
				"SecurityGroupIngress": [
				
				{
						"IpProtocol": "tcp",
						"FromPort": 6997,
						"ToPort": 6997,
						"CidrIp": "156.145.140.76/30"
					},
					{
						"IpProtocol": "tcp",
						"FromPort": 6997,
						"ToPort": 6997,
						"CidrIp": "156.145.140.80/28"
					},
					{
						"IpProtocol": "tcp",
						"FromPort": 6997,
						"ToPort": 6997,
						"CidrIp": "156.145.140.96/29"
					},
					{
						"IpProtocol": "tcp",
						"FromPort": 6997,
						"ToPort": 6997,
						"CidrIp": "156.145.140.104/30"
					},
					{
						"IpProtocol": "tcp",
						"FromPort": 6997,
						"ToPort": 6997,
						"CidrIp": "156.145.140.108/32"
					},
					{
						"IpProtocol": "tcp",
						"FromPort": 6997,
						"ToPort": 6997,
						"CidrIp": "156.145.64.132/30"
					},
					{
						"IpProtocol": "tcp",
						"FromPort": 6997,
						"ToPort": 6997,
						"CidrIp": "156.145.64.136/31"
					},
					{
						"IpProtocol": "tcp",
						"FromPort": 6997,
						"ToPort": 6997,
						"CidrIp": "156.145.64.138/32"
					},
					{
						"IpProtocol": "tcp",
						"FromPort": 6997,
						"ToPort": 6997,
						"CidrIp": "159.98.85.30/31"
					},
					{
						"IpProtocol": "tcp",
						"FromPort": 6997,
						"ToPort": 6997,
						"CidrIp": "159.98.85.32/29"
					},
					{
						"IpProtocol": "tcp",
						"FromPort": 6997,
						"ToPort": 6997,
						"CidrIp": "159.98.85.40/30"
					},
					{
						"IpProtocol": "tcp",
						"FromPort": 6997,
						"ToPort": 6997,
						"CidrIp": "159.98.66.97/32"
					},
					{
						"IpProtocol": "tcp",
						"FromPort": 6997,
						"ToPort": 6997,
						"CidrIp": "159.98.66.98/31"
					},
					{
						"IpProtocol": "tcp",
						"FromPort": 6997,
						"ToPort": 6997,
						"CidrIp": "159.98.66.100/31"
					},
					{
						"IpProtocol": "tcp",
						"FromPort": 6997,
						"ToPort": 6997,
						"CidrIp": "159.98.66.102/32"
					},
					{
						"IpProtocol": "tcp",
						"FromPort": 6997,
						"ToPort": 6997,
						"CidrIp": "159.98.90.37/32"
					},
					{
						"IpProtocol": "tcp",
						"FromPort": 6997,
						"ToPort": 6997,
						"CidrIp": "159.98.90.38/31"
					},
					{
						"IpProtocol": "tcp",
						"FromPort": 6997,
						"ToPort": 6997,
						"CidrIp": "159.98.90.40/29"
					},
					{
						"IpProtocol": "tcp",
						"FromPort": 6997,
						"ToPort": 6997,
						"CidrIp": "159.98.90.48/28"
					},
					{
						"IpProtocol": "tcp",
						"FromPort": 6997,
						"ToPort": 6997,
						"CidrIp": "159.98.90.64/28"
					},
					{
						"IpProtocol": "tcp",
						"FromPort": 6997,
						"ToPort": 6997,
						"CidrIp": "159.98.90.80/29"
					},
					{
						"IpProtocol": "tcp",
						"FromPort": 6997,
						"ToPort": 6997,
						"CidrIp": "159.98.90.88/30"
					},
					{
						"IpProtocol": "tcp",
						"FromPort": 6997,
						"ToPort": 6997,
						"CidrIp": "159.98.90.45/32"
					},
					{
						"IpProtocol": "tcp",
						"FromPort": 6997,
						"ToPort": 6997,
						"CidrIp": "159.98.90.86/31"
					},
					{
						"IpProtocol": "tcp",
						"FromPort": 6997,
						"ToPort": 6997,
						"CidrIp": "159.98.104.111/32"
					},
					{
						"IpProtocol": "tcp",
						"FromPort": 6997,
						"ToPort": 6997,
						"CidrIp": "159.98.104.112/28"
					},
					{
						"IpProtocol": "tcp",
						"FromPort": 6997,
						"ToPort": 6997,
						"CidrIp": "159.98.104.128/30"
					},
					{
						"IpProtocol": "tcp",
						"FromPort": 6997,
						"ToPort": 6997,
						"CidrIp": "159.98.104.132/31"
					},
					{
						"IpProtocol": "tcp",
						"FromPort": 6997,
						"ToPort": 6997,
						"CidrIp": "159.98.85.30/31"
					},
					{
						"IpProtocol": "tcp",
						"FromPort": 6997,
						"ToPort": 6997,
						"CidrIp": "159.98.85.32/27"
					},
					{
						"IpProtocol": "tcp",
						"FromPort": 6997,
						"ToPort": 6997,
						"CidrIp": "159.98.85.64/29"
					},
					{
						"IpProtocol": "tcp",
						"FromPort": 6997,
						"ToPort": 6997,
						"CidrIp": "159.98.85.72/30"
					},
					{
						"IpProtocol": "tcp",
						"FromPort": 6997,
						"ToPort": 6997,
						"CidrIp": "159.98.85.76/32"
					},
					{
						"IpProtocol": "tcp",
						"FromPort": 6997,
						"ToPort": 6997,
						"CidrIp": "159.98.90.37/32"
					},
					{
						"IpProtocol": "tcp",
						"FromPort": 6997,
						"ToPort": 6997,
						"CidrIp": "159.98.90.45/32"
					},
					{
						"IpProtocol": "tcp",
						"FromPort": 6997,
						"ToPort": 6997,
						"CidrIp": "159.98.90.86/31"
					},
					{
						"IpProtocol": "tcp",
						"FromPort": 6997,
						"ToPort": 6997,
						"CidrIp": "159.98.90.88/30"
					},
					{
						"IpProtocol": "tcp",
						"FromPort": 6997,
						"ToPort": 6997,
						"CidrIp": "159.98.66.97/32"
					},
					{
						"IpProtocol": "tcp",
						"FromPort": 6997,
						"ToPort": 6997,
						"CidrIp": "159.98.66.98/31"
					},
					{
						"IpProtocol": "tcp",
						"FromPort": 6997,
						"ToPort": 6997,
						"CidrIp": "159.98.66.100/31"
					},
					{
						"IpProtocol": "tcp",
						"FromPort": 6997,
						"ToPort": 6997,
						"CidrIp": "159.98.66.102/32"
					},
					{
						"IpProtocol": "tcp",
						"FromPort": 6997,
						"ToPort": 6997,
						"CidrIp": "159.98.104.111/32"
					},
					{
						"IpProtocol": "tcp",
						"FromPort": 6997,
						"ToPort": 6997,
						"CidrIp": "159.98.104.112/28"
					},
					{
						"IpProtocol": "tcp",
						"FromPort": 6997,
						"ToPort": 6997,
						"CidrIp": "159.98.104.128/30"
					},
					{
						"IpProtocol": "tcp",
						"FromPort": 6997,
						"ToPort": 6997,
						"CidrIp": "159.98.104.132/31"
					},
					
					
				  {
						"IpProtocol": "tcp",
						"FromPort": 15000,
						"ToPort": 42000,
						"CidrIp": "156.145.140.76/30"
					},
					{
						"IpProtocol": "tcp",
						"FromPort": 15000,
						"ToPort": 42000,
						"CidrIp": "156.145.140.80/28"
					},
					{
						"IpProtocol": "tcp",
						"FromPort": 15000,
						"ToPort": 42000,
						"CidrIp": "156.145.140.96/29"
					},
					{
						"IpProtocol": "tcp",
						"FromPort": 15000,
						"ToPort": 42000,
						"CidrIp": "156.145.140.104/30"
					},
					{
						"IpProtocol": "tcp",
						"FromPort": 15000,
						"ToPort": 42000,
						"CidrIp": "156.145.140.108/32"
					},
					{
						"IpProtocol": "tcp",
						"FromPort": 15000,
						"ToPort": 42000,
						"CidrIp": "156.145.64.132/30"
					},
					{
						"IpProtocol": "tcp",
						"FromPort": 15000,
						"ToPort": 42000,
						"CidrIp": "156.145.64.136/31"
					},
					{
						"IpProtocol": "tcp",
						"FromPort": 15000,
						"ToPort": 42000,
						"CidrIp": "156.145.64.138/32"
					},
					{
						"IpProtocol": "tcp",
						"FromPort": 15000,
						"ToPort": 42000,
						"CidrIp": "159.98.85.30/31"
					},
					{
						"IpProtocol": "tcp",
						"FromPort": 15000,
						"ToPort": 42000,
						"CidrIp": "159.98.85.32/29"
					},
					{
						"IpProtocol": "tcp",
						"FromPort": 15000,
						"ToPort": 42000,
						"CidrIp": "159.98.85.40/30"
					},
					{
						"IpProtocol": "tcp",
						"FromPort": 15000,
						"ToPort": 42000,
						"CidrIp": "159.98.66.97/32"
					},
					{
						"IpProtocol": "tcp",
						"FromPort": 15000,
						"ToPort": 42000,
						"CidrIp": "159.98.66.98/31"
					},
					{
						"IpProtocol": "tcp",
						"FromPort": 15000,
						"ToPort": 42000,
						"CidrIp": "159.98.66.100/31"
					},
					{
						"IpProtocol": "tcp",
						"FromPort": 15000,
						"ToPort": 42000,
						"CidrIp": "159.98.66.102/32"
					},
					{
						"IpProtocol": "tcp",
						"FromPort": 15000,
						"ToPort": 42000,
						"CidrIp": "159.98.90.37/32"
					},
					{
						"IpProtocol": "tcp",
						"FromPort": 15000,
						"ToPort": 42000,
						"CidrIp": "159.98.90.38/31"
					},
					{
						"IpProtocol": "tcp",
						"FromPort": 15000,
						"ToPort": 42000,
						"CidrIp": "159.98.90.40/29"
					},
					{
						"IpProtocol": "tcp",
						"FromPort": 15000,
						"ToPort": 42000,
						"CidrIp": "159.98.90.48/28"
					},
					{
						"IpProtocol": "tcp",
						"FromPort": 15000,
						"ToPort": 42000,
						"CidrIp": "159.98.90.64/28"
					},
					{
						"IpProtocol": "tcp",
						"FromPort": 15000,
						"ToPort": 42000,
						"CidrIp": "159.98.90.80/29"
					},
					{
						"IpProtocol": "tcp",
						"FromPort": 15000,
						"ToPort": 42000,
						"CidrIp": "159.98.90.88/30"
					},
					{
						"IpProtocol": "tcp",
						"FromPort": 15000,
						"ToPort": 42000,
						"CidrIp": "159.98.90.45/32"
					},
					{
						"IpProtocol": "tcp",
						"FromPort": 15000,
						"ToPort": 42000,
						"CidrIp": "159.98.90.86/31"
					},
					{
						"IpProtocol": "tcp",
						"FromPort": 15000,
						"ToPort": 42000,
						"CidrIp": "159.98.104.111/32"
					},
					{
						"IpProtocol": "tcp",
						"FromPort": 15000,
						"ToPort": 42000,
						"CidrIp": "159.98.104.112/28"
					},
					{
						"IpProtocol": "tcp",
						"FromPort": 15000,
						"ToPort": 42000,
						"CidrIp": "159.98.104.128/30"
					},
					{
						"IpProtocol": "tcp",
						"FromPort": 15000,
						"ToPort": 42000,
						"CidrIp": "159.98.104.132/31"
					},
					{
						"IpProtocol": "tcp",
						"FromPort": 15000,
						"ToPort": 42000,
						"CidrIp": "159.98.85.30/31"
					},
					{
						"IpProtocol": "tcp",
						"FromPort": 15000,
						"ToPort": 42000,
						"CidrIp": "159.98.85.32/27"
					},
					{
						"IpProtocol": "tcp",
						"FromPort": 15000,
						"ToPort": 42000,
						"CidrIp": "159.98.85.64/29"
					},
					{
						"IpProtocol": "tcp",
						"FromPort": 15000,
						"ToPort": 42000,
						"CidrIp": "159.98.85.72/30"
					},
					{
						"IpProtocol": "tcp",
						"FromPort": 15000,
						"ToPort": 42000,
						"CidrIp": "159.98.85.76/32"
					},
					{
						"IpProtocol": "tcp",
						"FromPort": 15000,
						"ToPort": 42000,
						"CidrIp": "159.98.90.37/32"
					},
					{
						"IpProtocol": "tcp",
						"FromPort": 15000,
						"ToPort": 42000,
						"CidrIp": "159.98.90.45/32"
					},
					{
						"IpProtocol": "tcp",
						"FromPort": 15000,
						"ToPort": 42000,
						"CidrIp": "159.98.90.86/31"
					},
					{
						"IpProtocol": "tcp",
						"FromPort": 15000,
						"ToPort": 42000,
						"CidrIp": "159.98.90.88/30"
					},
					{
						"IpProtocol": "tcp",
						"FromPort": 15000,
						"ToPort": 42000,
						"CidrIp": "159.98.66.97/32"
					},
					{
						"IpProtocol": "tcp",
						"FromPort": 15000,
						"ToPort": 42000,
						"CidrIp": "159.98.66.98/31"
					},
					{
						"IpProtocol": "tcp",
						"FromPort": 15000,
						"ToPort": 42000,
						"CidrIp": "159.98.66.100/31"
					},
					{
						"IpProtocol": "tcp",
						"FromPort": 15000,
						"ToPort": 42000,
						"CidrIp": "159.98.66.102/32"
					},
					{
						"IpProtocol": "tcp",
						"FromPort": 15000,
						"ToPort": 42000,
						"CidrIp": "159.98.104.111/32"
					},
					{
						"IpProtocol": "tcp",
						"FromPort": 15000,
						"ToPort": 42000,
						"CidrIp": "159.98.104.112/28"
					},
					{
						"IpProtocol": "tcp",
						"FromPort": 15000,
						"ToPort": 42000,
						"CidrIp": "159.98.104.128/30"
					},
					{
						"IpProtocol": "tcp",
						"FromPort": 15000,
						"ToPort": 42000,
						"CidrIp": "159.98.104.132/31"
					}
				],
				"SecurityGroupEgress": [
				{
						"IpProtocol": "tcp",
						"FromPort": 6997,
						"ToPort": 6997,
						"CidrIp": "156.145.140.76/30"
					},
					{
						"IpProtocol": "tcp",
						"FromPort": 6997,
						"ToPort": 6997,
						"CidrIp": "156.145.140.80/28"
					},
					{
						"IpProtocol": "tcp",
						"FromPort": 6997,
						"ToPort": 6997,
						"CidrIp": "156.145.140.96/29"
					},
					{
						"IpProtocol": "tcp",
						"FromPort": 6997,
						"ToPort": 6997,
						"CidrIp": "156.145.140.104/30"
					},
					{
						"IpProtocol": "tcp",
						"FromPort": 6997,
						"ToPort": 6997,
						"CidrIp": "156.145.140.108/32"
					},
					{
						"IpProtocol": "tcp",
						"FromPort": 6997,
						"ToPort": 6997,
						"CidrIp": "156.145.64.132/30"
					},
					{
						"IpProtocol": "tcp",
						"FromPort": 6997,
						"ToPort": 6997,
						"CidrIp": "156.145.64.136/31"
					},
					{
						"IpProtocol": "tcp",
						"FromPort": 6997,
						"ToPort": 6997,
						"CidrIp": "156.145.64.138/32"
					},
					{
						"IpProtocol": "tcp",
						"FromPort": 6997,
						"ToPort": 6997,
						"CidrIp": "159.98.85.30/31"
					},
					{
						"IpProtocol": "tcp",
						"FromPort": 6997,
						"ToPort": 6997,
						"CidrIp": "159.98.85.32/29"
					},
					{
						"IpProtocol": "tcp",
						"FromPort": 6997,
						"ToPort": 6997,
						"CidrIp": "159.98.85.40/30"
					},
					{
						"IpProtocol": "tcp",
						"FromPort": 6997,
						"ToPort": 6997,
						"CidrIp": "159.98.66.97/32"
					},
					{
						"IpProtocol": "tcp",
						"FromPort": 6997,
						"ToPort": 6997,
						"CidrIp": "159.98.66.98/31"
					},
					{
						"IpProtocol": "tcp",
						"FromPort": 6997,
						"ToPort": 6997,
						"CidrIp": "159.98.66.100/31"
					},
					{
						"IpProtocol": "tcp",
						"FromPort": 6997,
						"ToPort": 6997,
						"CidrIp": "159.98.66.102/32"
					},
					{
						"IpProtocol": "tcp",
						"FromPort": 6997,
						"ToPort": 6997,
						"CidrIp": "159.98.90.37/32"
					},
					{
						"IpProtocol": "tcp",
						"FromPort": 6997,
						"ToPort": 6997,
						"CidrIp": "159.98.90.38/31"
					},
					{
						"IpProtocol": "tcp",
						"FromPort": 6997,
						"ToPort": 6997,
						"CidrIp": "159.98.90.40/29"
					},
					{
						"IpProtocol": "tcp",
						"FromPort": 6997,
						"ToPort": 6997,
						"CidrIp": "159.98.90.48/28"
					},
					{
						"IpProtocol": "tcp",
						"FromPort": 6997,
						"ToPort": 6997,
						"CidrIp": "159.98.90.64/28"
					},
					{
						"IpProtocol": "tcp",
						"FromPort": 6997,
						"ToPort": 6997,
						"CidrIp": "159.98.90.80/29"
					},
					{
						"IpProtocol": "tcp",
						"FromPort": 6997,
						"ToPort": 6997,
						"CidrIp": "159.98.90.88/30"
					},
					{
						"IpProtocol": "tcp",
						"FromPort": 6997,
						"ToPort": 6997,
						"CidrIp": "159.98.90.45/32"
					},
					{
						"IpProtocol": "tcp",
						"FromPort": 6997,
						"ToPort": 6997,
						"CidrIp": "159.98.90.86/31"
					},
					{
						"IpProtocol": "tcp",
						"FromPort": 6997,
						"ToPort": 6997,
						"CidrIp": "159.98.104.111/32"
					},
					{
						"IpProtocol": "tcp",
						"FromPort": 6997,
						"ToPort": 6997,
						"CidrIp": "159.98.104.112/28"
					},
					{
						"IpProtocol": "tcp",
						"FromPort": 6997,
						"ToPort": 6997,
						"CidrIp": "159.98.104.128/30"
					},
					{
						"IpProtocol": "tcp",
						"FromPort": 6997,
						"ToPort": 6997,
						"CidrIp": "159.98.104.132/31"
					},
					{
						"IpProtocol": "tcp",
						"FromPort": 6997,
						"ToPort": 6997,
						"CidrIp": "159.98.85.30/31"
					},
					{
						"IpProtocol": "tcp",
						"FromPort": 6997,
						"ToPort": 6997,
						"CidrIp": "159.98.85.32/27"
					},
					{
						"IpProtocol": "tcp",
						"FromPort": 6997,
						"ToPort": 6997,
						"CidrIp": "159.98.85.64/29"
					},
					{
						"IpProtocol": "tcp",
						"FromPort": 6997,
						"ToPort": 6997,
						"CidrIp": "159.98.85.72/30"
					},
					{
						"IpProtocol": "tcp",
						"FromPort": 6997,
						"ToPort": 6997,
						"CidrIp": "159.98.85.76/32"
					},
					{
						"IpProtocol": "tcp",
						"FromPort": 6997,
						"ToPort": 6997,
						"CidrIp": "159.98.90.37/32"
					},
					{
						"IpProtocol": "tcp",
						"FromPort": 6997,
						"ToPort": 6997,
						"CidrIp": "159.98.90.45/32"
					},
					{
						"IpProtocol": "tcp",
						"FromPort": 6997,
						"ToPort": 6997,
						"CidrIp": "159.98.90.86/31"
					},
					{
						"IpProtocol": "tcp",
						"FromPort": 6997,
						"ToPort": 6997,
						"CidrIp": "159.98.90.88/30"
					},
					{
						"IpProtocol": "tcp",
						"FromPort": 6997,
						"ToPort": 6997,
						"CidrIp": "159.98.66.97/32"
					},
					{
						"IpProtocol": "tcp",
						"FromPort": 6997,
						"ToPort": 6997,
						"CidrIp": "159.98.66.98/31"
					},
					{
						"IpProtocol": "tcp",
						"FromPort": 6997,
						"ToPort": 6997,
						"CidrIp": "159.98.66.100/31"
					},
					{
						"IpProtocol": "tcp",
						"FromPort": 6997,
						"ToPort": 6997,
						"CidrIp": "159.98.66.102/32"
					},
					{
						"IpProtocol": "tcp",
						"FromPort": 6997,
						"ToPort": 6997,
						"CidrIp": "159.98.104.111/32"
					},
					{
						"IpProtocol": "tcp",
						"FromPort": 6997,
						"ToPort": 6997,
						"CidrIp": "159.98.104.112/28"
					},
					{
						"IpProtocol": "tcp",
						"FromPort": 6997,
						"ToPort": 6997,
						"CidrIp": "159.98.104.128/30"
					},
					{
						"IpProtocol": "tcp",
						"FromPort": 6997,
						"ToPort": 6997,
						"CidrIp": "159.98.104.132/31"
					},
					
					
				{
						"IpProtocol": "tcp",
						"FromPort": 15000,
						"ToPort": 42000,
						"CidrIp": "156.145.140.76/30"
					},
					{
						"IpProtocol": "tcp",
						"FromPort": 15000,
						"ToPort": 42000,
						"CidrIp": "156.145.140.80/28"
					},
					{
						"IpProtocol": "tcp",
						"FromPort": 15000,
						"ToPort": 42000,
						"CidrIp": "156.145.140.96/29"
					},
					{
						"IpProtocol": "tcp",
						"FromPort": 15000,
						"ToPort": 42000,
						"CidrIp": "156.145.140.104/30"
					},
					{
						"IpProtocol": "tcp",
						"FromPort": 15000,
						"ToPort": 42000,
						"CidrIp": "156.145.140.108/32"
					},
					{
						"IpProtocol": "tcp",
						"FromPort": 15000,
						"ToPort": 42000,
						"CidrIp": "156.145.64.132/30"
					},
					{
						"IpProtocol": "tcp",
						"FromPort": 15000,
						"ToPort": 42000,
						"CidrIp": "156.145.64.136/31"
					},
					{
						"IpProtocol": "tcp",
						"FromPort": 15000,
						"ToPort": 42000,
						"CidrIp": "156.145.64.138/32"
					},
					{
						"IpProtocol": "tcp",
						"FromPort": 15000,
						"ToPort": 42000,
						"CidrIp": "159.98.85.30/31"
					},
					{
						"IpProtocol": "tcp",
						"FromPort": 15000,
						"ToPort": 42000,
						"CidrIp": "159.98.85.32/29"
					},
					{
						"IpProtocol": "tcp",
						"FromPort": 15000,
						"ToPort": 42000,
						"CidrIp": "159.98.85.40/30"
					},
					{
						"IpProtocol": "tcp",
						"FromPort": 15000,
						"ToPort": 42000,
						"CidrIp": "159.98.66.97/32"
					},
					{
						"IpProtocol": "tcp",
						"FromPort": 15000,
						"ToPort": 42000,
						"CidrIp": "159.98.66.98/31"
					},
					{
						"IpProtocol": "tcp",
						"FromPort": 15000,
						"ToPort": 42000,
						"CidrIp": "159.98.66.100/31"
					},
					{
						"IpProtocol": "tcp",
						"FromPort": 15000,
						"ToPort": 42000,
						"CidrIp": "159.98.66.102/32"
					},
					{
						"IpProtocol": "tcp",
						"FromPort": 15000,
						"ToPort": 42000,
						"CidrIp": "159.98.90.37/32"
					},
					{
						"IpProtocol": "tcp",
						"FromPort": 15000,
						"ToPort": 42000,
						"CidrIp": "159.98.90.38/31"
					},
					{
						"IpProtocol": "tcp",
						"FromPort": 15000,
						"ToPort": 42000,
						"CidrIp": "159.98.90.40/29"
					},
					{
						"IpProtocol": "tcp",
						"FromPort": 15000,
						"ToPort": 42000,
						"CidrIp": "159.98.90.48/28"
					},
					{
						"IpProtocol": "tcp",
						"FromPort": 15000,
						"ToPort": 42000,
						"CidrIp": "159.98.90.64/28"
					},
					{
						"IpProtocol": "tcp",
						"FromPort": 15000,
						"ToPort": 42000,
						"CidrIp": "159.98.90.80/29"
					},
					{
						"IpProtocol": "tcp",
						"FromPort": 15000,
						"ToPort": 42000,
						"CidrIp": "159.98.90.88/30"
					},
					{
						"IpProtocol": "tcp",
						"FromPort": 15000,
						"ToPort": 42000,
						"CidrIp": "159.98.90.45/32"
					},
					{
						"IpProtocol": "tcp",
						"FromPort": 15000,
						"ToPort": 42000,
						"CidrIp": "159.98.90.86/31"
					},
					{
						"IpProtocol": "tcp",
						"FromPort": 15000,
						"ToPort": 42000,
						"CidrIp": "159.98.104.111/32"
					},
					{
						"IpProtocol": "tcp",
						"FromPort": 15000,
						"ToPort": 42000,
						"CidrIp": "159.98.104.112/28"
					},
					{
						"IpProtocol": "tcp",
						"FromPort": 15000,
						"ToPort": 42000,
						"CidrIp": "159.98.104.128/30"
					},
					{
						"IpProtocol": "tcp",
						"FromPort": 15000,
						"ToPort": 42000,
						"CidrIp": "159.98.104.132/31"
					},
					{
						"IpProtocol": "tcp",
						"FromPort": 15000,
						"ToPort": 42000,
						"CidrIp": "159.98.85.30/31"
					},
					{
						"IpProtocol": "tcp",
						"FromPort": 15000,
						"ToPort": 42000,
						"CidrIp": "159.98.85.32/27"
					},
					{
						"IpProtocol": "tcp",
						"FromPort": 15000,
						"ToPort": 42000,
						"CidrIp": "159.98.85.64/29"
					},
					{
						"IpProtocol": "tcp",
						"FromPort": 15000,
						"ToPort": 42000,
						"CidrIp": "159.98.85.72/30"
					},
					{
						"IpProtocol": "tcp",
						"FromPort": 15000,
						"ToPort": 42000,
						"CidrIp": "159.98.85.76/32"
					},
					{
						"IpProtocol": "tcp",
						"FromPort": 15000,
						"ToPort": 42000,
						"CidrIp": "159.98.90.37/32"
					},
					{
						"IpProtocol": "tcp",
						"FromPort": 15000,
						"ToPort": 42000,
						"CidrIp": "159.98.90.45/32"
					},
					{
						"IpProtocol": "tcp",
						"FromPort": 15000,
						"ToPort": 42000,
						"CidrIp": "159.98.90.86/31"
					},
					{
						"IpProtocol": "tcp",
						"FromPort": 15000,
						"ToPort": 42000,
						"CidrIp": "159.98.90.88/30"
					},
					{
						"IpProtocol": "tcp",
						"FromPort": 15000,
						"ToPort": 42000,
						"CidrIp": "159.98.66.97/32"
					},
					{
						"IpProtocol": "tcp",
						"FromPort": 15000,
						"ToPort": 42000,
						"CidrIp": "159.98.66.98/31"
					},
					{
						"IpProtocol": "tcp",
						"FromPort": 15000,
						"ToPort": 42000,
						"CidrIp": "159.98.66.100/31"
					},
					{
						"IpProtocol": "tcp",
						"FromPort": 15000,
						"ToPort": 42000,
						"CidrIp": "159.98.66.102/32"
					},
					{
						"IpProtocol": "tcp",
						"FromPort": 15000,
						"ToPort": 42000,
						"CidrIp": "159.98.104.111/32"
					},
					{
						"IpProtocol": "tcp",
						"FromPort": 15000,
						"ToPort": 42000,
						"CidrIp": "159.98.104.112/28"
					},
					{
						"IpProtocol": "tcp",
						"FromPort": 15000,
						"ToPort": 42000,
						"CidrIp": "159.98.104.128/30"
					},
					{
						"IpProtocol": "tcp",
						"FromPort": 15000,
						"ToPort": 42000,
						"CidrIp": "159.98.104.132/31"
					}
				],
				"Tags": [{
						"Key": "UserID",
						"Value": {
							"Ref": "UserID"
						}
					},
					{
						"Key": "Vsad",
						"Value": {
							"Ref": "AppID"
						}
					},
					{
						"Key": "Role",
						"Value": {
							"Ref": "Role"
						}
					},
					{
						"Key": "Name",
						"Value": {
							"Fn::Join": [".", ["nts", {
								"Ref": "Env"
							}, {
								"Ref": "AWS::Region"
							}, {
								"Ref": "AppID"
							}, "SIP_EC2_AG_Interface_SG"]]
						}
					}
				]
			}
		}
	}
}