

{
	"AWSTemplateFormatVersion": "2010-09-09",
	"Parameters": {
		"AppID": {
			"Type": "String",
			"Default": "PBXV",
			"Description": "VAST ID"
		},
		"UserID": {
			"Type": "String"
		},
		"Role": {
			"Type": "String"
		},
		"Env": {
			"Type": "String"
		},
		"VpcID": {
			"Type": "String"
		}
	},
	"Resources": {
		"SG": {
			"Type": "AWS::EC2::SecurityGroup",
			"Properties": {
				"GroupName": {
					"Fn::Join": [".", ["nts", {
						"Ref": "Env"
					}, {
						"Ref": "AWS::Region"
					}, {
						"Ref": "AppID"
					}, "SIP_EC2_TELNET_SG"]]
				},
				"GroupDescription": {
					"Fn::Join": ["", [{
						"Ref": "AppID"
					}, "-SIP_EC2_TELNET_SG"]]
				},
				"VpcId": {
					"Ref": "VpcID"
				},
				"SecurityGroupIngress": [{
						"IpProtocol": "tcp",
						"FromPort": 6997,
						"ToPort": 6997,
						"CidrIp": "159.98.85.37/32"
					},
					{
						"IpProtocol": "tcp",
						"FromPort": 6997,
						"ToPort": 6997,
						"CidrIp": "159.98.85.40/32"
					},
				{
						"IpProtocol": "tcp",
						"FromPort": 6997,
						"ToPort": 6997,
						"CidrIp": "159.98.85.50/32"
					},
					{
						"IpProtocol": "tcp",
						"FromPort": 6997,
						"ToPort": 6997,
						"CidrIp": "159.98.85.65/32"
					},
				
				{
						"IpProtocol": "tcp",
						"FromPort": 6997,
						"ToPort": 6997,
						"CidrIp": "159.98.85.67/32"
					},
					{
						"IpProtocol": "tcp",
						"FromPort": 6997,
						"ToPort": 6997,
						"CidrIp": "159.98.85.68/32"
					},
				{
						"IpProtocol": "tcp",
						"FromPort": 6997,
						"ToPort": 6997,
						"CidrIp": "159.98.66.97/32"
					},
					{
						"IpProtocol": "tcp",
						"FromPort": 6997,
						"ToPort": 6997,
						"CidrIp": "159.98.66.100/32"
					},
				{
						"IpProtocol": "tcp",
						"FromPort": 6997,
						"ToPort": 6997,
						"CidrIp": "159.98.66.52/32"
					},
					{
						"IpProtocol": "tcp",
						"FromPort": 6997,
						"ToPort": 6997,
						"CidrIp": "159.98.66.56/32"
					},
				{
						"IpProtocol": "tcp",
						"FromPort": 6997,
						"ToPort": 6997,
						"CidrIp": "159.98.66.60/32"
					},
					{
						"IpProtocol": "tcp",
						"FromPort": 6997,
						"ToPort": 6997,
						"CidrIp": "159.98.90.56/32"
					},
				{
						"IpProtocol": "tcp",
						"FromPort": 6997,
						"ToPort": 6997,
						"CidrIp": "159.98.104.12/32"
					},
					{
						"IpProtocol": "tcp",
						"FromPort": 6997,
						"ToPort": 6997,
						"CidrIp": "159.98.104.11/32"
					},
				{
						"IpProtocol": "tcp",
						"FromPort": 6997,
						"ToPort": 6997,
						"CidrIp": "159.98.114.99/32"
					},
					{
						"IpProtocol": "tcp",
						"FromPort": 6997,
						"ToPort": 6997,
						"CidrIp": "159.98.114.10/32"
					},
				{
						"IpProtocol": "tcp",
						"FromPort": 6997,
						"ToPort": 6997,
						"CidrIp": "159.98.66.60/32"
					},
					{
						"IpProtocol": "tcp",
						"FromPort": 6997,
						"ToPort": 6997,
						"CidrIp": "159.98.90.56/32"
					}
				],
				"SecurityGroupEgress": [
				{
				"IpProtocol": "tcp",
						"FromPort": 6997,
						"ToPort": 6997,
						"CidrIp": "159.98.85.37/32"
					},
					{
						"IpProtocol": "tcp",
						"FromPort": 6997,
						"ToPort": 6997,
						"CidrIp": "159.98.85.40/32"
					},
				{
						"IpProtocol": "tcp",
						"FromPort": 6997,
						"ToPort": 6997,
						"CidrIp": "159.98.85.50/32"
					},
					{
						"IpProtocol": "tcp",
						"FromPort": 6997,
						"ToPort": 6997,
						"CidrIp": "159.98.85.65/32"
					},
				
				{
						"IpProtocol": "tcp",
						"FromPort": 6997,
						"ToPort": 6997,
						"CidrIp": "159.98.85.67/32"
					},
					{
						"IpProtocol": "tcp",
						"FromPort": 6997,
						"ToPort": 6997,
						"CidrIp": "159.98.85.68/32"
					},
				{
						"IpProtocol": "tcp",
						"FromPort": 6997,
						"ToPort": 6997,
						"CidrIp": "159.98.66.97/32"
					},
					{
						"IpProtocol": "tcp",
						"FromPort": 6997,
						"ToPort": 6997,
						"CidrIp": "159.98.66.100/32"
					},
				{
						"IpProtocol": "tcp",
						"FromPort": 6997,
						"ToPort": 6997,
						"CidrIp": "159.98.66.52/32"
					},
					{
						"IpProtocol": "tcp",
						"FromPort": 6997,
						"ToPort": 6997,
						"CidrIp": "159.98.66.56/32"
					},
				{
						"IpProtocol": "tcp",
						"FromPort": 6997,
						"ToPort": 6997,
						"CidrIp": "159.98.66.60/32"
					},
					{
						"IpProtocol": "tcp",
						"FromPort": 6997,
						"ToPort": 6997,
						"CidrIp": "159.98.90.56/32"
					},
				{
						"IpProtocol": "tcp",
						"FromPort": 6997,
						"ToPort": 6997,
						"CidrIp": "159.98.104.12/32"
					},
					{
						"IpProtocol": "tcp",
						"FromPort": 6997,
						"ToPort": 6997,
						"CidrIp": "159.98.104.11/32"
					},
				{
						"IpProtocol": "tcp",
						"FromPort": 6997,
						"ToPort": 6997,
						"CidrIp": "159.98.114.99/32"
					},
					{
						"IpProtocol": "tcp",
						"FromPort": 6997,
						"ToPort": 6997,
						"CidrIp": "159.98.114.10/32"
					},
				{
						"IpProtocol": "tcp",
						"FromPort": 6997,
						"ToPort": 6997,
						"CidrIp": "159.98.66.60/32"
					},
					{
						"IpProtocol": "tcp",
						"FromPort": 6997,
						"ToPort": 6997,
						"CidrIp": "159.98.90.56/32"
					}
				],
				"Tags": [{
						"Key": "UserID",
						"Value": {
							"Ref": "UserID"
						}
					},
					{
						"Key": "Vsad",
						"Value": {
							"Ref": "AppID"
						}
					},
					{
						"Key": "Role",
						"Value": {
							"Ref": "Role"
						}
					},
					{
						"Key": "Name",
						"Value": {
							"Fn::Join": [".", ["nts", {
								"Ref": "Env"
							}, {
								"Ref": "AWS::Region"
							}, {
								"Ref": "AppID"
							}, "SIP_EC2_NSOP_SG"]]
						}
					}
				]
			}
		}
	}
}