{
	"AWSTemplateFormatVersion": "2010-09-09",
	"Parameters": {
		"AppID": {
			"Type": "String",
			"Default": "PBXV",
			"Description": "VAST ID"
		},
		"UserID": {
			"Type": "String"
		},
		"Role": {
			"Type": "String"
		},
		"Env": {
			"Type": "String"
		},
		"VpcID": {
			"Type": "String"
		}
	},
	"Resources": {
		"SG": {
			"Type": "AWS::EC2::SecurityGroup",
			"Properties": {
				"GroupName": {
					"Fn::Join": [".", ["nts", {
						"Ref": "Env"
					}, {
						"Ref": "AWS::Region"
					}, {
						"Ref": "AppID"
					}, "SIP_EC2_STORC_SPACE_SG"]]
				},
				"GroupDescription": {
					"Fn::Join": ["", [{
						"Ref": "AppID"
					}, "-SIPEC2SecurityGroup_STORC_SPACE"]]
				},
				"VpcId": {
					"Ref": "VpcID"
				},

				"SecurityGroupIngress": [{
						"IpProtocol": "tcp",
						"FromPort": 6568,
						"ToPort": 6569,
						"CidrIp": "166.68.59.129/32"
					},

					{
						"IpProtocol": "tcp",
						"FromPort": 6568,
						"ToPort": 6569,
						"CidrIp": "166.68.59.130/32"
					},
					{
						"IpProtocol": "tcp",
						"FromPort": 6568,
						"ToPort": 6569,
						"CidrIp": "159.161.168.13/32"
					},

					{
						"IpProtocol": "tcp",
						"FromPort": 6568,
						"ToPort": 6569,
						"CidrIp": "159.161.168.14/32"
					},
					{
						"IpProtocol": "tcp",
						"FromPort": 6568,
						"ToPort": 6569,
						"CidrIp": "159.161.252.11/32"
					},

					{
						"IpProtocol": "tcp",
						"FromPort": 6568,
						"ToPort": 6569,
						"CidrIp": "159.161.252.12/32"
					},

					{
						"IpProtocol": "tcp",
						"FromPort": 6568,
						"ToPort": 6569,
						"CidrIp": "159.161.252.13/32"
					},
					{
						"IpProtocol": "tcp",
						"FromPort": 6568,
						"ToPort": 6569,
						"CidrIp": "159.161.252.14/32"
					},

					{
						"IpProtocol": "tcp",
						"FromPort": 6568,
						"ToPort": 6569,
						"CidrIp": "166.68.44.55/32"
					},
					{
						"IpProtocol": "tcp",
						"FromPort": 6568,
						"ToPort": 6569,
						"CidrIp": "166.68.44.57/32"
					},
					{
						"IpProtocol": "tcp",
						"FromPort": 6568,
						"ToPort": 6569,
						"CidrIp": "166.68.44.56/32"
					},

					{
						"IpProtocol": "tcp",
						"FromPort": 6568,
						"ToPort": 6569,
						"CidrIp": "166.68.44.58/32"
					},

					{
						"IpProtocol": "tcp",
						"FromPort": 6568,
						"ToPort": 6569,
						"CidrIp": "166.68.59.131/32"
					},
					{
						"IpProtocol": "tcp",
						"FromPort": 6568,
						"ToPort": 6569,
						"CidrIp": "159.161.168.15/32"
					},

					{
						"IpProtocol": "tcp",
						"FromPort": 6568,
						"ToPort": 6569,
						"CidrIp": "159.161.252.16/32"
					},
					{
						"IpProtocol": "tcp",
						"FromPort": 6568,
						"ToPort": 6569,
						"CidrIp": "159.161.252.15/32"
					},

					{
						"IpProtocol": "tcp",
						"FromPort": 6568,
						"ToPort": 6569,
						"CidrIp": "166.68.44.60/32"
					},

					{
						"IpProtocol": "tcp",
						"FromPort": 6568,
						"ToPort": 6569,
						"CidrIp": "166.68.44.59/32"
					},


					{
						"IpProtocol": "tcp",
						"FromPort": 10001,
						"ToPort": 10014,
						"CidrIp": "163.190.164.12/32"
					},
					{
						"IpProtocol": "tcp",
						"FromPort": 10001,
						"ToPort": 10014,
						"CidrIp": "163.190.22.12/32"
					}
				],
				"SecurityGroupEgress": [
				{
						"IpProtocol": "tcp",
						"FromPort": 6568,
						"ToPort": 6569,
						"CidrIp": "166.68.59.129/32"
					},

					{
						"IpProtocol": "tcp",
						"FromPort": 6568,
						"ToPort": 6569,
						"CidrIp": "166.68.59.130/32"
					},
					{
						"IpProtocol": "tcp",
						"FromPort": 6568,
						"ToPort": 6569,
						"CidrIp": "159.161.168.13/32"
					},

					{
						"IpProtocol": "tcp",
						"FromPort": 6568,
						"ToPort": 6569,
						"CidrIp": "159.161.168.14/32"
					},
					{
						"IpProtocol": "tcp",
						"FromPort": 6568,
						"ToPort": 6569,
						"CidrIp": "159.161.252.11/32"
					},

					{
						"IpProtocol": "tcp",
						"FromPort": 6568,
						"ToPort": 6569,
						"CidrIp": "159.161.252.12/32"
					},

					{
						"IpProtocol": "tcp",
						"FromPort": 6568,
						"ToPort": 6569,
						"CidrIp": "159.161.252.13/32"
					},
					{
						"IpProtocol": "tcp",
						"FromPort": 6568,
						"ToPort": 6569,
						"CidrIp": "159.161.252.14/32"
					},

					{
						"IpProtocol": "tcp",
						"FromPort": 6568,
						"ToPort": 6569,
						"CidrIp": "166.68.44.55/32"
					},
					{
						"IpProtocol": "tcp",
						"FromPort": 6568,
						"ToPort": 6569,
						"CidrIp": "166.68.44.57/32"
					},
					{
						"IpProtocol": "tcp",
						"FromPort": 6568,
						"ToPort": 6569,
						"CidrIp": "166.68.44.56/32"
					},

					{
						"IpProtocol": "tcp",
						"FromPort": 6568,
						"ToPort": 6569,
						"CidrIp": "166.68.44.58/32"
					},

					{
						"IpProtocol": "tcp",
						"FromPort": 6568,
						"ToPort": 6569,
						"CidrIp": "166.68.59.131/32"
					},
					{
						"IpProtocol": "tcp",
						"FromPort": 6568,
						"ToPort": 6569,
						"CidrIp": "159.161.168.15/32"
					},

					{
						"IpProtocol": "tcp",
						"FromPort": 6568,
						"ToPort": 6569,
						"CidrIp": "159.161.252.16/32"
					},
					{
						"IpProtocol": "tcp",
						"FromPort": 6568,
						"ToPort": 6569,
						"CidrIp": "159.161.252.15/32"
					},

					{
						"IpProtocol": "tcp",
						"FromPort": 6568,
						"ToPort": 6569,
						"CidrIp": "166.68.44.60/32"
					},

					{
						"IpProtocol": "tcp",
						"FromPort": 6568,
						"ToPort": 6569,
						"CidrIp": "166.68.44.59/32"
					},

					{
						"IpProtocol": "tcp",
						"FromPort": 10001,
						"ToPort": 10014,
						"CidrIp": "163.190.164.12/32"
					},
					{
						"IpProtocol": "tcp",
						"FromPort": 10001,
						"ToPort": 10014,
						"CidrIp": "163.190.22.12/32"
					}
				],
				"Tags": [{
						"Key": "UserID",
						"Value": {
							"Ref": "UserID"
						}
					},
					{
						"Key": "Vsad",
						"Value": {
							"Ref": "AppID"
						}
					},
					{
						"Key": "Role",
						"Value": {
							"Ref": "Role"
						}
					},
					{
						"Key": "Name",
						"Value": {
							"Fn::Join": [".", ["nts", {
								"Ref": "Env"
							}, {
								"Ref": "AWS::Region"
							}, {
								"Ref": "AppID"
							}, "SIP_EC2_STORC_SPACE_SG"]]
						}
					}
				]
			}
		}
	}
}