{
	"AWSTemplateFormatVersion": "2010-09-09",

	"Parameters": {
		"AppID": {
			"Type": "String",
			"Default": "PBXV",
			"Description": "VAST ID"
		},
		"UserID": {
			"Type": "String"
		},
		"Role": {
			"Type": "String"
		},
		"Env": {
			"Type": "String"
		},
		"VpcID": {
			"Type": "String"
		}
	},

	"Resources": {

		"SG": {
			"Type": "AWS::EC2::SecurityGroup",
			"Properties": {
				"GroupName": {
					"Fn::Join": [".", ["nts", {
						"Ref": "Env"
					}, {
						"Ref": "AWS::Region"
					}, {
						"Ref": "AppID"
					}, "FDVEC2SG_New_UREACHUM"]]
				},
				"GroupDescription": {
					"Fn::Join": ["", [{
						"Ref": "AppID"
					}, "-FDVEC2SecurityGroup"]]
				},
				"VpcId": {
					"Ref": "VpcID"
				},
				"SecurityGroupIngress": [



					{
						"IpProtocol": "tcp",
						"FromPort": 443,
						"ToPort": 443,
						"CidrIp": "173.30.23.135/32"
					},

					{
						"IpProtocol": "tcp",
						"FromPort": 443,
						"ToPort": 443,
						"CidrIp": "173.30.23.136/32"
					},
					{
						"IpProtocol": "tcp",
						"FromPort": 443,
						"ToPort": 443,
						"CidrIp": "173.30.23.137/28"
					},

					{
						"IpProtocol": "tcp",
						"FromPort": 443,
						"ToPort": 443,
						"CidrIp": "173.30.23.140/32"
					},

					{
						"IpProtocol": "tcp",
						"FromPort": 443,
						"ToPort": 443,
						"CidrIp": "173.30.23.141/32"
					},
					{
						"IpProtocol": "tcp",
						"FromPort": 443,
						"ToPort": 443,
						"CidrIp": "173.30.23.142/32"
					},


					{
						"IpProtocol": "tcp",
						"FromPort": 443,
						"ToPort": 443,
						"CidrIp": "173.33.156.106/32"
					},
					{
						"IpProtocol": "tcp",
						"FromPort": 443,
						"ToPort": 443,
						"CidrIp": "173.33.156.107/32"
					},
					{
						"IpProtocol": "tcp",
						"FromPort": 443,
						"ToPort": 443,
						"CidrIp": "173.33.156.108/32"
					},
					{
						"IpProtocol": "tcp",
						"FromPort": 443,
						"ToPort": 443,
						"CidrIp": "173.33.156.122/32"
					},
					{
						"IpProtocol": "tcp",
						"FromPort": 443,
						"ToPort": 443,
						"CidrIp": "173.33.156.124/32"
					},
					{
						"IpProtocol": "tcp",
						"FromPort": 443,
						"ToPort": 443,
						"CidrIp": "173.33.156.126/32"
					},



					{
						"IpProtocol": "tcp",
						"FromPort": 443,
						"ToPort": 443,
						"CidrIp": "106.40.125.241/32"
					},
					{
						"IpProtocol": "tcp",
						"FromPort": 443,
						"ToPort": 443,
						"CidrIp": "106.40.125.224/32"
					},

					{
						"IpProtocol": "tcp",
						"FromPort": 443,
						"ToPort": 443,
						"CidrIp": "132.197.204.74/32"
					}


				],
				"SecurityGroupEgress": [






					{
						"IpProtocol": "tcp",
						"FromPort": 443,
						"ToPort": 443,
						"CidrIp": "173.30.23.135/32"
					},

					{
						"IpProtocol": "tcp",
						"FromPort": 443,
						"ToPort": 443,
						"CidrIp": "173.30.23.136/32"
					},
					{
						"IpProtocol": "tcp",
						"FromPort": 443,
						"ToPort": 443,
						"CidrIp": "173.30.23.137/28"
					},

					{
						"IpProtocol": "tcp",
						"FromPort": 443,
						"ToPort": 443,
						"CidrIp": "173.30.23.140/32"
					},

					{
						"IpProtocol": "tcp",
						"FromPort": 443,
						"ToPort": 443,
						"CidrIp": "173.30.23.141/32"
					},
					{
						"IpProtocol": "tcp",
						"FromPort": 443,
						"ToPort": 443,
						"CidrIp": "173.30.23.142/32"
					},


					{
						"IpProtocol": "tcp",
						"FromPort": 443,
						"ToPort": 443,
						"CidrIp": "173.33.156.106/32"
					},
					{
						"IpProtocol": "tcp",
						"FromPort": 443,
						"ToPort": 443,
						"CidrIp": "173.33.156.107/32"
					},
					{
						"IpProtocol": "tcp",
						"FromPort": 443,
						"ToPort": 443,
						"CidrIp": "173.33.156.108/32"
					},
					{
						"IpProtocol": "tcp",
						"FromPort": 443,
						"ToPort": 443,
						"CidrIp": "173.33.156.122/32"
					},
					{
						"IpProtocol": "tcp",
						"FromPort": 443,
						"ToPort": 443,
						"CidrIp": "173.33.156.124/32"
					},
					{
						"IpProtocol": "tcp",
						"FromPort": 443,
						"ToPort": 443,
						"CidrIp": "173.33.156.126/32"
					},



					{
						"IpProtocol": "tcp",
						"FromPort": 443,
						"ToPort": 443,
						"CidrIp": "106.40.125.241/32"
					},
					{
						"IpProtocol": "tcp",
						"FromPort": 443,
						"ToPort": 443,
						"CidrIp": "106.40.125.224/32"
					},

					{
						"IpProtocol": "tcp",
						"FromPort": 443,
						"ToPort": 443,
						"CidrIp": "132.197.204.74/32"
					}



				],
				"Tags": [{
						"Key": "UserID",
						"Value": {
							"Ref": "UserID"
						}
					},
					{
						"Key": "Vsad",
						"Value": {
							"Ref": "AppID"
						}
					},
					{
						"Key": "Role",
						"Value": {
							"Ref": "Role"
						}
					},
					{
						"Key": "Name",
						"Value": {
							"Fn::Join": [".", ["nts", {
								"Ref": "Env"
							}, {
								"Ref": "AWS::Region"
							}, {
								"Ref": "AppID"
							}, "FDVEC2SG_New_UREACHUM"]]
						}
					}
				]
			}
		}


	}
}