{
  "AWSTemplateFormatVersion": "2010-09-09",

  "Parameters" : {
   "AppID" : {
     "Type" : "String",
     "Default" : "NUAV",
     "Description" : "VAST ID"
   },
   "AcctName": {
            "Type": "String",
            "Description": "Enter the name of the Account."
        },    
   "UserID" : {
     "Type" : "String"
   },
   "Role" : {
      "Type" : "String"
   },
   "Env" : {
       "Type" : "String"
   },
   "VpcID":{
      "Type" : "String"
   }
  },

  "Resources": {

    "InstanceSG": {
      "Type": "AWS::EC2::SecurityGroup",
      "Properties": {
	    "GroupName" :  { "Fn::Join": [ ".", ["nts",{"Ref": "Env"},{"Ref":"AWS::Region"},{"Ref": "AppID"},"RDSSG"]]},
        "GroupDescription": { "Fn::Join": [ "", [{"Ref": "AppID"},"-RDSSG"]]},
		"VpcId" : {"Ref" : "VpcID"},
		"SecurityGroupIngress" : [
 {
   "IpProtocol": "tcp",
   "FromPort": "7809",
   "ToPort": "8200",
   "CidrIp": "166.68.69.0/24"
 },
 {
   "IpProtocol": "tcp",
   "FromPort": "7809",
   "ToPort": "8200",
   "CidrIp": "159.161.252.0/24"
 },
 {
   "IpProtocol": "tcp",
   "FromPort": "1521",
   "ToPort": "1521",
   "CidrIp": "139.49.0.0/16"
 },
 {
   "IpProtocol": "tcp",
   "FromPort": "1521",
   "ToPort": "1521",
   "CidrIp": "131.146.0.0/16"
 },
 {
   "IpProtocol": "tcp",
   "FromPort": "1521",
   "ToPort": "1521",
   "CidrIp": "10.69.0.0/16"
 },
 {
   "IpProtocol": "tcp",
   "FromPort": "1521",
   "ToPort": "1521",
   "CidrIp": "10.252.0.0/16"
 },
 {
   "IpProtocol": "tcp",
   "FromPort": "1521",
   "ToPort": "1521",
   "CidrIp": "114.8.0.0/16"
 },
 {
   "IpProtocol": "tcp",
   "FromPort": "1521",
   "ToPort": "1521",
   "CidrIp": "114.9.0.0/16"
 },
 {
   "IpProtocol": "tcp",
   "FromPort": "1521",
   "ToPort": "1521",
   "CidrIp": "10.73.64.0/16"
 },
 {
   "IpProtocol": "tcp",
   "FromPort": "1521",
   "ToPort": "1521",
   "CidrIp": "10.76.0.0/16"
 },
 {
   "IpProtocol": "tcp",
   "FromPort": "1521",
   "ToPort": "1521",
   "CidrIp": "138.83.194.0/16"
 },
 {
   "IpProtocol": "tcp",
   "FromPort": "1521",
   "ToPort": "1521",
   "CidrIp": "153.114.64.0/16"
 },
 {
   "IpProtocol": "tcp",
   "FromPort": "1521",
   "ToPort": "1521",
   "CidrIp": "112.80.0.0/16"
 },
 {
   "IpProtocol": "tcp",
   "FromPort": "1521",
   "ToPort": "1521",
   "CidrIp": "113.128.0.0/16"
 },
 {
   "IpProtocol": "tcp",
   "FromPort": "1521",
   "ToPort": "1521",
   "CidrIp": "113.132.0.0/16"
 },
 {
   "IpProtocol": "tcp",
   "FromPort": "1521",
   "ToPort": "1521",
   "CidrIp": "132.197.0.0/16"
 },
 {
   "IpProtocol": "tcp",
   "FromPort": "22",
   "ToPort": "1521",
   "CidrIp": "136.151.0.0/16"
 },
 {
   "IpProtocol": "tcp",
   "FromPort": "1521",
   "ToPort": "1521",
   "CidrIp": "138.83.0.0/16"
 },
 {
   "IpProtocol": "tcp",
   "FromPort": "1521",
   "ToPort": "1521",
   "CidrIp": "143.91.0.0/16"
 },
 {
   "IpProtocol": "tcp",
   "FromPort": "1521",
   "ToPort": "1521",
   "CidrIp": "159.161.0.0/16"
 },
 {
   "IpProtocol": "tcp",
   "FromPort": "1521",
   "ToPort": "1521",
   "CidrIp": "159.67.0.0/16"
 },
 {
   "IpProtocol": "tcp",
   "FromPort": "1521",
   "ToPort": "1521",
   "CidrIp": "192.168.0.0/16"
 },
 {
   "IpProtocol": "tcp",
   "FromPort": "1521",
   "ToPort": "1521",
   "CidrIp": "192.76.0.0/16"
 },
 {
   "IpProtocol": "tcp",
   "FromPort": "1521",
   "ToPort": "1521",
   "CidrIp": "199.220.0.0/16"
 },
 {
   "IpProtocol": "tcp",
   "FromPort": "1521",
   "ToPort": "1521",
   "CidrIp": "71.246.0.0/16"
 },
 {
   "IpProtocol": "tcp",
   "FromPort": "1521",
   "ToPort": "1521",
   "CidrIp": "144.28.0.0/16"
 },
 {
   "IpProtocol": "tcp",
   "FromPort": "1521",
   "ToPort": "1521",
   "CidrIp": "148.131.0.0/16"
 },
 {
   "IpProtocol": "tcp",
   "FromPort": "1521",
   "ToPort": "1521",
   "CidrIp": "144.8.240.0/20"
 },
 {
   "IpProtocol": "tcp",
   "FromPort": "1521",
   "ToPort": "1521",
   "CidrIp": "144.8.224.0/20"
 },
 {
   "IpProtocol": "tcp",
   "FromPort": "1521",
   "ToPort": "1521",
   "CidrIp": "166.68.0.0/16"
 }
],
		"Tags":[
	    {
          "Key":"UserID",
          "Value": { "Ref" : "UserID" }
        },			   
        {
          "Key":"Vsad",
          "Value": { "Ref" : "AppID" }
        },
        {
          "Key":"Role",
          "Value": { "Ref" : "Role" }
        },
		{
          "Key":"Name",
          "Value": { "Fn::Join": [ ".", ["nts",{"Ref": "Env"},{"Ref":"AWS::Region"},{"Ref": "AppID"},"RDSSG"]]}
        }
	  ]
      }
    }

   
  }
}