{
	"AWSTemplateFormatVersion": "2010-09-09",

	"Parameters": {
		"AppID": {
			"Type": "String",
			"Default": "PBXV",
			"Description": "VAST ID"
		},
		"UserID": {
			"Type": "String"
		},
		"Role": {
			"Type": "String"
		},
		"Env": {
			"Type": "String"
		},
		"VpcID": {
			"Type": "String"
		}
	},

	"Resources": {

		"SG": {
			"Type": "AWS::EC2::SecurityGroup",
			"Properties": {
				"GroupName": {
					"Fn::Join": [".", ["nts", {
						"Ref": "Env"
					}, {
						"Ref": "AWS::Region"
					}, {
						"Ref": "AppID"
					}, "SIP_EC2_NTAS_NGPS_Connection_SG"]]
				},
				"GroupDescription": {
					"Fn::Join": ["", [{
						"Ref": "AppID"
					}, "-SIPEC2SecurityGroup"]]
				},
				"VpcId": {
					"Ref": "VpcID"
				},

				"SecurityGroupIngress": [

					{
						"IpProtocol": "tcp",
						"FromPort": 22,
						"ToPort": 22,
						"CidrIp": "138.83.90.12/32"
					},

					{
						"IpProtocol": "tcp",
						"FromPort": 22,
						"ToPort": 22,
						"CidrIp": "138.83.90.18/32"
					},
					{
						"IpProtocol": "tcp",
						"FromPort": 22,
						"ToPort": 22,
						"CidrIp": "138.83.90.11/32"
					},

					{
						"IpProtocol": "tcp",
						"FromPort": 22,
						"ToPort": 22,
						"CidrIp": "138.83.90.17/32"
					},

					{
						"IpProtocol": "tcp",
						"FromPort": 22,
						"ToPort": 22,
						"CidrIp": "138.83.90.31/32"
					},
					{
						"IpProtocol": "tcp",
						"FromPort": 22,
						"ToPort": 22,
						"CidrIp": "138.83.90.33/32"
					},

					{
						"IpProtocol": "tcp",
						"FromPort": 22,
						"ToPort": 22,
						"CidrIp": "138.83.90.34/32"
					},
					{
						"IpProtocol": "tcp",
						"FromPort": 22,
						"ToPort": 22,
						"CidrIp": "166.68.77.67/32"
					},
					{
						"IpProtocol": "tcp",
						"FromPort": 22,
						"ToPort": 22,
						"CidrIp": "166.68.77.26/32"
					},

					{
						"IpProtocol": "tcp",
						"FromPort": 22,
						"ToPort": 22,
						"CidrIp": "166.68.206.86/32"
					},
					{
						"IpProtocol": "tcp",
						"FromPort": 22,
						"ToPort": 22,
						"CidrIp": "166.68.77.66/32"
					},

					{
						"IpProtocol": "tcp",
						"FromPort": 22,
						"ToPort": 22,
						"CidrIp": "166.68.77.25/32"
					},
					{
						"IpProtocol": "tcp",
						"FromPort": 22,
						"ToPort": 22,
						"CidrIp": "166.68.77.166/32"
					},

					{
						"IpProtocol": "tcp",
						"FromPort": 22,
						"ToPort": 22,
						"CidrIp": "166.68.77.233/32"
					},
					{
						"IpProtocol": "tcp",
						"FromPort": 22,
						"ToPort": 22,
						"CidrIp": "166.68.36.109/32"
					},

					{
						"IpProtocol": "tcp",
						"FromPort": 22,
						"ToPort": 22,
						"CidrIp": "166.68.36.110/32"
					},

					{
						"IpProtocol": "tcp",
						"FromPort": 22,
						"ToPort": 22,
						"CidrIp": "159.161.214.43/32"
					},
					{
						"IpProtocol": "tcp",
						"FromPort": 22,
						"ToPort": 22,
						"CidrIp": "138.83.46.113/32"
					},
					{
						"IpProtocol": "tcp",
						"FromPort": 22,
						"ToPort": 22,
						"CidrIp": "138.83.46.114/32"
					},

					{
						"IpProtocol": "tcp",
						"FromPort": 22,
						"ToPort": 22,
						"CidrIp": "166.68.102.99/32"
					},

					{
						"IpProtocol": "tcp",
						"FromPort": 22,
						"ToPort": 22,
						"CidrIp": "166.68.102.121/32"
					},
					{
						"IpProtocol": "tcp",
						"FromPort": 22,
						"ToPort": 22,
						"CidrIp": "166.68.102.91/32"
					},

					{
						"IpProtocol": "tcp",
						"FromPort": 22,
						"ToPort": 22,
						"CidrIp": "166.68.102.122/32"
					},

					{
						"IpProtocol": "tcp",
						"FromPort": 22,
						"ToPort": 22,
						"CidrIp": "166.68.102.100/32"
					},
					{
						"IpProtocol": "tcp",
						"FromPort": 22,
						"ToPort": 22,
						"CidrIp": "166.68.102.123/32"
					},

					{
						"IpProtocol": "tcp",
						"FromPort": 22,
						"ToPort": 22,
						"CidrIp": "166.68.102.90/32"
					},
					{
						"IpProtocol": "tcp",
						"FromPort": 22,
						"ToPort": 22,
						"CidrIp": "166.68.102.124/32"
					},

					{
						"IpProtocol": "tcp",
						"FromPort": 22,
						"ToPort": 22,
						"CidrIp": "166.68.139.154/32"
					},

					{
						"IpProtocol": "tcp",
						"FromPort": 22,
						"ToPort": 22,
						"CidrIp": "166.68.103.95/32"
					},
					{
						"IpProtocol": "tcp",
						"FromPort": 22,
						"ToPort": 22,
						"CidrIp": "166.68.103.96/32"
					},

					{
						"IpProtocol": "tcp",
						"FromPort": 22,
						"ToPort": 22,
						"CidrIp": "166.68.103.97/32"
					},
					{
						"IpProtocol": "tcp",
						"FromPort": 22,
						"ToPort": 22,
						"CidrIp": "166.68.103.98/32"
					},

					{
						"IpProtocol": "tcp",
						"FromPort": 22,
						"ToPort": 22,
						"CidrIp": "166.68.103.99/32"
					},
					{
						"IpProtocol": "tcp",
						"FromPort": 22,
						"ToPort": 22,
						"CidrIp": "166.68.103.100/32"
					},

					{
						"IpProtocol": "tcp",
						"FromPort": 22,
						"ToPort": 22,
						"CidrIp": "166.68.103.101/32"
					},

					{
						"IpProtocol": "tcp",
						"FromPort": 22,
						"ToPort": 22,
						"CidrIp": "166.68.103.102/32"
					},
					{
						"IpProtocol": "tcp",
						"FromPort": 22,
						"ToPort": 22,
						"CidrIp": "166.68.52.75/32"
					},
					{
						"IpProtocol": "tcp",
						"FromPort": 22,
						"ToPort": 22,
						"CidrIp": "166.68.139.153/32"
					},
					{
						"IpProtocol": "tcp",
						"FromPort": 22,
						"ToPort": 22,
						"CidrIp": "166.68.139.154/32"
					},
					{
						"IpProtocol": "tcp",
						"FromPort": 22,
						"ToPort": 22,
						"CidrIp": "166.68.70.82/32"
					},
					{
						"IpProtocol": "tcp",
						"FromPort": 22,
						"ToPort": 22,
						"CidrIp": "166.68.70.83/32"
					},
					{
						"IpProtocol": "tcp",
						"FromPort": 22,
						"ToPort": 22,
						"CidrIp": "166.68.70.84/32"
					},



					{
						"IpProtocol": "tcp",
						"FromPort": 22,
						"ToPort": 22,
						"CidrIp": "10.145.123.176/32"
					},
					{
						"IpProtocol": "tcp",
						"FromPort": 22,
						"ToPort": 22,
						"CidrIp": "63.25.128.5/32"
					},
					{
						"IpProtocol": "tcp",
						"FromPort": 22,
						"ToPort": 22,
						"CidrIp": "10.145.123.177/32"
					},
					{
						"IpProtocol": "tcp",
						"FromPort": 22,
						"ToPort": 22,
						"CidrIp": "63.25.128.7/32"
					},
					{
						"IpProtocol": "tcp",
						"FromPort": 22,
						"ToPort": 22,
						"CidrIp": "10.145.123.174/32"
					},
					{
						"IpProtocol": "tcp",
						"FromPort": 22,
						"ToPort": 22,
						"CidrIp": "63.25.128.8/32"
					},
					{
						"IpProtocol": "tcp",
						"FromPort": 22,
						"ToPort": 22,
						"CidrIp": "10.145.123.179/32"
					},
					{
						"IpProtocol": "tcp",
						"FromPort": 22,
						"ToPort": 22,
						"CidrIp": "63.25.66.142/32"
					}







				],
				"SecurityGroupEgress": [{
						"IpProtocol": "tcp",
						"FromPort": 22,
						"ToPort": 22,
						"CidrIp": "138.83.90.12/32"
					},

					{
						"IpProtocol": "tcp",
						"FromPort": 22,
						"ToPort": 22,
						"CidrIp": "138.83.90.18/32"
					},
					{
						"IpProtocol": "tcp",
						"FromPort": 22,
						"ToPort": 22,
						"CidrIp": "138.83.90.11/32"
					},

					{
						"IpProtocol": "tcp",
						"FromPort": 22,
						"ToPort": 22,
						"CidrIp": "138.83.90.17/32"
					},

					{
						"IpProtocol": "tcp",
						"FromPort": 22,
						"ToPort": 22,
						"CidrIp": "138.83.90.31/32"
					},
					{
						"IpProtocol": "tcp",
						"FromPort": 22,
						"ToPort": 22,
						"CidrIp": "138.83.90.33/32"
					},

					{
						"IpProtocol": "tcp",
						"FromPort": 22,
						"ToPort": 22,
						"CidrIp": "138.83.90.34/32"
					},
					{
						"IpProtocol": "tcp",
						"FromPort": 22,
						"ToPort": 22,
						"CidrIp": "166.68.77.67/32"
					},

					{
						"IpProtocol": "tcp",
						"FromPort": 22,
						"ToPort": 22,
						"CidrIp": "166.68.77.26/32"
					},

					{
						"IpProtocol": "tcp",
						"FromPort": 22,
						"ToPort": 22,
						"CidrIp": "166.68.206.86/32"
					},
					{
						"IpProtocol": "tcp",
						"FromPort": 22,
						"ToPort": 22,
						"CidrIp": "166.68.77.66/32"
					},

					{
						"IpProtocol": "tcp",
						"FromPort": 22,
						"ToPort": 22,
						"CidrIp": "166.68.77.25/32"
					},
					{
						"IpProtocol": "tcp",
						"FromPort": 22,
						"ToPort": 22,
						"CidrIp": "166.68.77.166/32"
					},

					{
						"IpProtocol": "tcp",
						"FromPort": 22,
						"ToPort": 22,
						"CidrIp": "166.68.77.233/32"
					},
					{
						"IpProtocol": "tcp",
						"FromPort": 22,
						"ToPort": 22,
						"CidrIp": "166.68.36.109/32"
					},

					{
						"IpProtocol": "tcp",
						"FromPort": 22,
						"ToPort": 22,
						"CidrIp": "166.68.36.110/32"
					},

					{
						"IpProtocol": "tcp",
						"FromPort": 22,
						"ToPort": 22,
						"CidrIp": "159.161.214.43/32"
					},
					{
						"IpProtocol": "tcp",
						"FromPort": 22,
						"ToPort": 22,
						"CidrIp": "138.83.46.113/32"
					},
					{
						"IpProtocol": "tcp",
						"FromPort": 22,
						"ToPort": 22,
						"CidrIp": "138.83.46.114/32"
					},

					{
						"IpProtocol": "tcp",
						"FromPort": 22,
						"ToPort": 22,
						"CidrIp": "166.68.102.99/32"
					},

					{
						"IpProtocol": "tcp",
						"FromPort": 22,
						"ToPort": 22,
						"CidrIp": "166.68.102.121/32"
					},
					{
						"IpProtocol": "tcp",
						"FromPort": 22,
						"ToPort": 22,
						"CidrIp": "166.68.102.91/32"
					},

					{
						"IpProtocol": "tcp",
						"FromPort": 22,
						"ToPort": 22,
						"CidrIp": "166.68.102.122/32"
					},

					{
						"IpProtocol": "tcp",
						"FromPort": 22,
						"ToPort": 22,
						"CidrIp": "166.68.102.100/32"
					},
					{
						"IpProtocol": "tcp",
						"FromPort": 22,
						"ToPort": 22,
						"CidrIp": "166.68.102.123/32"
					},

					{
						"IpProtocol": "tcp",
						"FromPort": 22,
						"ToPort": 22,
						"CidrIp": "166.68.102.90/32"
					},
					{
						"IpProtocol": "tcp",
						"FromPort": 22,
						"ToPort": 22,
						"CidrIp": "166.68.102.124/32"
					},

					{
						"IpProtocol": "tcp",
						"FromPort": 22,
						"ToPort": 22,
						"CidrIp": "166.68.139.154/32"
					},

					{
						"IpProtocol": "tcp",
						"FromPort": 22,
						"ToPort": 22,
						"CidrIp": "166.68.103.95/32"
					},
					{
						"IpProtocol": "tcp",
						"FromPort": 22,
						"ToPort": 22,
						"CidrIp": "166.68.103.96/32"
					},

					{
						"IpProtocol": "tcp",
						"FromPort": 22,
						"ToPort": 22,
						"CidrIp": "166.68.103.97/32"
					},
					{
						"IpProtocol": "tcp",
						"FromPort": 22,
						"ToPort": 22,
						"CidrIp": "166.68.103.98/32"
					},

					{
						"IpProtocol": "tcp",
						"FromPort": 22,
						"ToPort": 22,
						"CidrIp": "166.68.103.99/32"
					},
					{
						"IpProtocol": "tcp",
						"FromPort": 22,
						"ToPort": 22,
						"CidrIp": "166.68.103.100/32"
					},

					{
						"IpProtocol": "tcp",
						"FromPort": 22,
						"ToPort": 22,
						"CidrIp": "166.68.103.101/32"
					},

					{
						"IpProtocol": "tcp",
						"FromPort": 22,
						"ToPort": 22,
						"CidrIp": "166.68.103.102/32"
					},
					{
						"IpProtocol": "tcp",
						"FromPort": 22,
						"ToPort": 22,
						"CidrIp": "166.68.52.75/32"
					},
					{
						"IpProtocol": "tcp",
						"FromPort": 22,
						"ToPort": 22,
						"CidrIp": "166.68.139.153/32"
					},
					{
						"IpProtocol": "tcp",
						"FromPort": 22,
						"ToPort": 22,
						"CidrIp": "166.68.139.154/32"
					},
					{
						"IpProtocol": "tcp",
						"FromPort": 22,
						"ToPort": 22,
						"CidrIp": "166.68.70.82/32"
					},
					{
						"IpProtocol": "tcp",
						"FromPort": 22,
						"ToPort": 22,
						"CidrIp": "166.68.70.83/32"
					},
					{
						"IpProtocol": "tcp",
						"FromPort": 22,
						"ToPort": 22,
						"CidrIp": "166.68.70.84/32"
					},

					{
						"IpProtocol": "tcp",
						"FromPort": 22,
						"ToPort": 22,
						"CidrIp": "10.145.123.176/32"
					},
					{
						"IpProtocol": "tcp",
						"FromPort": 22,
						"ToPort": 22,
						"CidrIp": "63.25.128.5/32"
					},
					{
						"IpProtocol": "tcp",
						"FromPort": 22,
						"ToPort": 22,
						"CidrIp": "10.145.123.177/32"
					},
					{
						"IpProtocol": "tcp",
						"FromPort": 22,
						"ToPort": 22,
						"CidrIp": "63.25.128.7/32"
					},
					{
						"IpProtocol": "tcp",
						"FromPort": 22,
						"ToPort": 22,
						"CidrIp": "10.145.123.174/32"
					},
					{
						"IpProtocol": "tcp",
						"FromPort": 22,
						"ToPort": 22,
						"CidrIp": "63.25.128.8/32"
					},
					{
						"IpProtocol": "tcp",
						"FromPort": 22,
						"ToPort": 22,
						"CidrIp": "10.145.123.179/32"
					},
					{
						"IpProtocol": "tcp",
						"FromPort": 22,
						"ToPort": 22,
						"CidrIp": "63.25.66.142/32"
					}
				],


				"Tags": [{
						"Key": "UserID",
						"Value": {
							"Ref": "UserID"
						}
					},
					{
						"Key": "Vsad",
						"Value": {
							"Ref": "AppID"
						}
					},
					{
						"Key": "Role",
						"Value": {
							"Ref": "Role"
						}
					},
					{
						"Key": "Name",
						"Value": {
							"Fn::Join": [".", ["nts", {
								"Ref": "Env"
							}, {
								"Ref": "AWS::Region"
							}, {
								"Ref": "AppID"
							}, "SIP_EC2_NTAS_NGPS_SG"]]
						}
					}
				]
			}
		}
	}
}