{
	"AWSTemplateFormatVersion": "2010-09-09",

	"Parameters": {
		"AppID": {
			"Type": "String",
			"Default": "PBXV",
			"Description": "VAST ID"
		},
		"UserID": {
			"Type": "String"
		},
		"Role": {
			"Type": "String"
		},
		"Env": {
			"Type": "String"
		},
		"VpcID": {
			"Type": "String"
		}
	},

	"Resources": {

		"SG": {
			"Type": "AWS::EC2::SecurityGroup",
			"Properties": {
				"GroupName": {
					"Fn::Join": [".", ["nts", {
						"Ref": "Env"
					}, {
						"Ref": "AWS::Region"
					}, {
						"Ref": "AppID"
					}, "FDVEC2SG_New"]]
				},
				"GroupDescription": {
					"Fn::Join": ["", [{
						"Ref": "AppID"
					}, "-FDVEC2SecurityGroup_New_SSH"]]
				},
				"VpcId": {
					"Ref": "VpcID"
				},
				"SecurityGroupIngress": [




					{
						"IpProtocol": "tcp",
						"FromPort": 22,
						"ToPort": 22,
						"CidrIp": "173.17.5.44/32"
					},

					{
						"IpProtocol": "tcp",
						"FromPort": 22,
						"ToPort": 22,
						"CidrIp": "173.17.5.45/32"
					},

					{
						"IpProtocol": "tcp",
						"FromPort": 22,
						"ToPort": 22,
						"CidrIp": "173.30.23.42/32"
					},

					{
						"IpProtocol": "tcp",
						"FromPort": 22,
						"ToPort": 22,
						"CidrIp": "173.30.23.43/32"
					},






					{
						"IpProtocol": "tcp",
						"FromPort": 22,
						"ToPort": 22,
						"CidrIp": "173.33.156.71/32"
					},

					{
						"IpProtocol": "tcp",
						"FromPort": 22,
						"ToPort": 22,
						"CidrIp": "173.33.156.72/32"
					},
					{
						"IpProtocol": "tcp",
						"FromPort": 22,
						"ToPort": 22,
						"CidrIp": "173.33.156.73/32"
					},
					{
						"IpProtocol": "tcp",
						"FromPort": 22,
						"ToPort": 22,
						"CidrIp": "173.33.156.74/32"
					},
					{
						"IpProtocol": "tcp",
						"FromPort": 22,
						"ToPort": 22,
						"CidrIp": "173.33.156.75/32"
					},
					{
						"IpProtocol": "tcp",
						"FromPort": 22,
						"ToPort": 22,
						"CidrIp": "173.33.156.76/32"
					},
					{
						"IpProtocol": "tcp",
						"FromPort": 22,
						"ToPort": 22,
						"CidrIp": "173.33.156.86/32"
					},
					{
						"IpProtocol": "tcp",
						"FromPort": 22,
						"ToPort": 22,
						"CidrIp": "173.33.156.87/32"
					},
					{
						"IpProtocol": "tcp",
						"FromPort": 22,
						"ToPort": 22,
						"CidrIp": "173.33.156.88/32"
					},
					{
						"IpProtocol": "tcp",
						"FromPort": 22,
						"ToPort": 22,
						"CidrIp": "173.33.156.89/32"
					},

					{
						"IpProtocol": "tcp",
						"FromPort": 22,
						"ToPort": 22,
						"CidrIp": "173.33.156.90/32"
					},
					{
						"IpProtocol": "tcp",
						"FromPort": 22,
						"ToPort": 22,
						"CidrIp": "173.33.156.91/32"
					},
					{
						"IpProtocol": "tcp",
						"FromPort": 22,
						"ToPort": 22,
						"CidrIp": "101.24.42.82/32"
					},
					{
						"IpProtocol": "tcp",
						"FromPort": 22,
						"ToPort": 22,
						"CidrIp": "101.24.42.83/32"
					},

					{
						"IpProtocol": "tcp",
						"FromPort": 22,
						"ToPort": 22,
						"CidrIp": "101.24.42.84/32"
					},
					{
						"IpProtocol": "tcp",
						"FromPort": 22,
						"ToPort": 22,
						"CidrIp": "101.24.42.85/32"
					},
					{
						"IpProtocol": "tcp",
						"FromPort": 22,
						"ToPort": 22,
						"CidrIp": "101.24.42.86/32"
					},
					{
						"IpProtocol": "tcp",
						"FromPort": 22,
						"ToPort": 22,
						"CidrIp": "101.24.42.87/32"
					},
					{
						"IpProtocol": "tcp",
						"FromPort": 22,
						"ToPort": 22,
						"CidrIp": "101.24.42.88/32"
					},
					{
						"IpProtocol": "tcp",
						"FromPort": 22,
						"ToPort": 22,
						"CidrIp": "101.24.42.89/32"
					},
					{
						"IpProtocol": "tcp",
						"FromPort": 22,
						"ToPort": 22,
						"CidrIp": "101.24.42.90/32"
					},
					{
						"IpProtocol": "tcp",
						"FromPort": 22,
						"ToPort": 22,
						"CidrIp": "101.24.42.91/32"
					},
					{
						"IpProtocol": "tcp",
						"FromPort": 22,
						"ToPort": 22,
						"CidrIp": "101.24.42.92/32"
					},
					{
						"IpProtocol": "tcp",
						"FromPort": 22,
						"ToPort": 22,
						"CidrIp": "101.24.42.93/32"
					},
					{
						"IpProtocol": "tcp",
						"FromPort": 22,
						"ToPort": 22,
						"CidrIp": "173.30.23.45/32"
					},
					{
						"IpProtocol": "tcp",
						"FromPort": 22,
						"ToPort": 22,
						"CidrIp": "173.17.5.30/32"
					},




					{
						"IpProtocol": "tcp",
						"FromPort": 22,
						"ToPort": 22,
						"CidrIp": "173.33.156.124/32"
					},
					{
						"IpProtocol": "tcp",
						"FromPort": 22,
						"ToPort": 22,
						"CidrIp": "173.33.156.126/32"
					},
					{
						"IpProtocol": "tcp",
						"FromPort": 22,
						"ToPort": 22,
						"CidrIp": "172.29.48.13/32"
					},
					{
						"IpProtocol": "tcp",
						"FromPort": 22,
						"ToPort": 22,
						"CidrIp": "172.29.48.14/32"
					}


				],
				
				"SecurityGroupEgress": [
				{
						"IpProtocol": "tcp",
						"FromPort": 22,
						"ToPort": 22,
						"CidrIp": "173.17.5.44/32"
					},

					{
						"IpProtocol": "tcp",
						"FromPort": 22,
						"ToPort": 22,
						"CidrIp": "173.17.5.45/32"
					},

					{
						"IpProtocol": "tcp",
						"FromPort": 22,
						"ToPort": 22,
						"CidrIp": "173.30.23.42/32"
					},

					{
						"IpProtocol": "tcp",
						"FromPort": 22,
						"ToPort": 22,
						"CidrIp": "173.30.23.43/32"
					},






					{
						"IpProtocol": "tcp",
						"FromPort": 22,
						"ToPort": 22,
						"CidrIp": "173.33.156.71/32"
					},

					{
						"IpProtocol": "tcp",
						"FromPort": 22,
						"ToPort": 22,
						"CidrIp": "173.33.156.72/32"
					},
					{
						"IpProtocol": "tcp",
						"FromPort": 22,
						"ToPort": 22,
						"CidrIp": "173.33.156.73/32"
					},
					{
						"IpProtocol": "tcp",
						"FromPort": 22,
						"ToPort": 22,
						"CidrIp": "173.33.156.74/32"
					},
					{
						"IpProtocol": "tcp",
						"FromPort": 22,
						"ToPort": 22,
						"CidrIp": "173.33.156.75/32"
					},
					{
						"IpProtocol": "tcp",
						"FromPort": 22,
						"ToPort": 22,
						"CidrIp": "173.33.156.76/32"
					},
					{
						"IpProtocol": "tcp",
						"FromPort": 22,
						"ToPort": 22,
						"CidrIp": "173.33.156.86/32"
					},
					{
						"IpProtocol": "tcp",
						"FromPort": 22,
						"ToPort": 22,
						"CidrIp": "173.33.156.87/32"
					},
					{
						"IpProtocol": "tcp",
						"FromPort": 22,
						"ToPort": 22,
						"CidrIp": "173.33.156.88/32"
					},
					{
						"IpProtocol": "tcp",
						"FromPort": 22,
						"ToPort": 22,
						"CidrIp": "173.33.156.89/32"
					},

					{
						"IpProtocol": "tcp",
						"FromPort": 22,
						"ToPort": 22,
						"CidrIp": "173.33.156.90/32"
					},
					{
						"IpProtocol": "tcp",
						"FromPort": 22,
						"ToPort": 22,
						"CidrIp": "173.33.156.91/32"
					},
					{
						"IpProtocol": "tcp",
						"FromPort": 22,
						"ToPort": 22,
						"CidrIp": "101.24.42.82/32"
					},
					{
						"IpProtocol": "tcp",
						"FromPort": 22,
						"ToPort": 22,
						"CidrIp": "101.24.42.83/32"
					},

					{
						"IpProtocol": "tcp",
						"FromPort": 22,
						"ToPort": 22,
						"CidrIp": "101.24.42.84/32"
					},
					{
						"IpProtocol": "tcp",
						"FromPort": 22,
						"ToPort": 22,
						"CidrIp": "101.24.42.85/32"
					},
					{
						"IpProtocol": "tcp",
						"FromPort": 22,
						"ToPort": 22,
						"CidrIp": "101.24.42.86/32"
					},
					{
						"IpProtocol": "tcp",
						"FromPort": 22,
						"ToPort": 22,
						"CidrIp": "101.24.42.87/32"
					},
					{
						"IpProtocol": "tcp",
						"FromPort": 22,
						"ToPort": 22,
						"CidrIp": "101.24.42.88/32"
					},
					{
						"IpProtocol": "tcp",
						"FromPort": 22,
						"ToPort": 22,
						"CidrIp": "101.24.42.89/32"
					},
					{
						"IpProtocol": "tcp",
						"FromPort": 22,
						"ToPort": 22,
						"CidrIp": "101.24.42.90/32"
					},
					{
						"IpProtocol": "tcp",
						"FromPort": 22,
						"ToPort": 22,
						"CidrIp": "101.24.42.91/32"
					},
					{
						"IpProtocol": "tcp",
						"FromPort": 22,
						"ToPort": 22,
						"CidrIp": "101.24.42.92/32"
					},
					{
						"IpProtocol": "tcp",
						"FromPort": 22,
						"ToPort": 22,
						"CidrIp": "101.24.42.93/32"
					},
					{
						"IpProtocol": "tcp",
						"FromPort": 22,
						"ToPort": 22,
						"CidrIp": "173.30.23.45/32"
					},
					{
						"IpProtocol": "tcp",
						"FromPort": 22,
						"ToPort": 22,
						"CidrIp": "173.17.5.30/32"
					},




					{
						"IpProtocol": "tcp",
						"FromPort": 22,
						"ToPort": 22,
						"CidrIp": "173.33.156.124/32"
					},
					{
						"IpProtocol": "tcp",
						"FromPort": 22,
						"ToPort": 22,
						"CidrIp": "173.33.156.126/32"
					},
					{
						"IpProtocol": "tcp",
						"FromPort": 22,
						"ToPort": 22,
						"CidrIp": "172.29.48.13/32"
					},
					{
						"IpProtocol": "tcp",
						"FromPort": 22,
						"ToPort": 22,
						"CidrIp": "172.29.48.14/32"
					}
					],
				"Tags": [{
						"Key": "UserID",
						"Value": {
							"Ref": "UserID"
						}
					},
					{
						"Key": "Vsad",
						"Value": {
							"Ref": "AppID"
						}
					},
					{
						"Key": "Role",
						"Value": {
							"Ref": "Role"
						}
					},
					{
						"Key": "Name",
						"Value": {
							"Fn::Join": [".", ["nts", {
								"Ref": "Env"
							}, {
								"Ref": "AWS::Region"
							}, {
								"Ref": "AppID"
							}, "FDVEC2SG_New_SSH"]]
						}
					}
				]
			}
		}


	}
}