{
	"AWSTemplateFormatVersion": "2010-09-09",
	"Parameters": {
		"AppID": {
			"Type": "String",
			"Default": "PBXV",
			"Description": "VAST ID"
		},
		"UserID": {
			"Type": "String"
		},
		"Role": {
			"Type": "String"
		},
		"Env": {
			"Type": "String"
		},
		"VpcID": {
			"Type": "String"
		}
	},
	"Resources": {
		"SG": {
			"Type": "AWS::EC2::SecurityGroup",
			"Properties": {
				"GroupName": {
					"Fn::Join": [".", ["nts", {
						"Ref": "Env"
					}, {
						"Ref": "AWS::Region"
					}, {
						"Ref": "AppID"
					}, "SIP_EC2_SPACE_SG"]]
				},
				"GroupDescription": {
					"Fn::Join": ["", [{
						"Ref": "AppID"
					}, "-SIP_EC2_SPACE_SG"]]
				},
				"VpcId": {
					"Ref": "VpcID"
				},
				"SecurityGroupIngress": [
					{
						"IpProtocol": "tcp",
						"FromPort": 10001,
						"ToPort": 10006,
						"CidrIp": "163.190.164.12/32"
					},
					{
						"IpProtocol": "tcp",
						"FromPort": 10001,
						"ToPort": 10006,
						"CidrIp": "163.190.22.12/32"
					},
					{
						"IpProtocol": "tcp",
						"FromPort": 10010,
						"ToPort": 10014,
						"CidrIp": "163.190.164.12/32"
					},
					{
						"IpProtocol": "tcp",
						"FromPort": 10010,
						"ToPort": 10014,
						"CidrIp": "163.190.22.12/32"
					}
				],
				"SecurityGroupEgress": [
					{
						"IpProtocol": "tcp",
						"FromPort": 10001,
						"ToPort": 10006,
						"CidrIp": "163.190.164.12/32"
					},
					{
						"IpProtocol": "tcp",
						"FromPort": 10001,
						"ToPort": 10006,
						"CidrIp": "163.190.22.12/32"
					},
					{
						"IpProtocol": "tcp",
						"FromPort": 10010,
						"ToPort": 10014,
						"CidrIp": "163.190.164.12/32"
					},
					{
						"IpProtocol": "tcp",
						"FromPort": 10010,
						"ToPort": 10014,
						"CidrIp": "163.190.22.12/32"
					}
				],
				"Tags": [{
						"Key": "UserID",
						"Value": {
							"Ref": "UserID"
						}
					},
					{
						"Key": "Vsad",
						"Value": {
							"Ref": "AppID"
						}
					},
					{
						"Key": "Role",
						"Value": {
							"Ref": "Role"
						}
					},
					{
						"Key": "Name",
						"Value": {
							"Fn::Join": [".", ["nts", {
								"Ref": "Env"
							}, {
								"Ref": "AWS::Region"
							}, {
								"Ref": "AppID"
							}, "SIP_EC2_SPACE_SG"]]
						}
					}
				]
			}
		}
	}
}