{
	"AWSTemplateFormatVersion": "2010-09-09",
	"Parameters": {
		"AppID": {
			"Type": "String",
			"Default": "PBXV",
			"Description": "VAST ID"
		},
		"UserID": {
			"Type": "String"
		},
		"Role": {
			"Type": "String"
		},
		"Env": {
			"Type": "String"
		},
		"VpcID": {
			"Type": "String"
		}
	},
	"Resources": {
		"SG": {
			"Type": "AWS::EC2::SecurityGroup",
			"Properties": {
				"GroupName": {
					"Fn::Join": [".", ["nts", {
						"Ref": "Env"
					}, {
						"Ref": "AWS::Region"
					}, {
						"Ref": "AppID"
					}, "SIP_EC2_NEW_VMM_443_AG_15_45_SG"]]
				},
				"GroupDescription": {
					"Fn::Join": ["", [{
						"Ref": "AppID"
					}, "-SIP_EC2_NEW_VMM_443_AG_15_45_SG"]]
				},
				"VpcId": {
					"Ref": "VpcID"
				},
				"SecurityGroupIngress": [
					{
						"IpProtocol": "tcp",
						"FromPort": 8443,
						"ToPort": 8443,
						"CidrIp": "140.108.150.21/32"
					},
					{
						"IpProtocol": "tcp",
						"FromPort": 8443,
						"ToPort": 8443,
						"CidrIp": "140.108.150.27/32"
					},
					{
						"IpProtocol": "tcp",
						"FromPort": 8443,
						"ToPort": 8443,
						"CidrIp": "140.108.150.33/32"
					},
					
					{
						"IpProtocol": "tcp",
						"FromPort": 8443,
						"ToPort": 8443,
						"CidrIp": "140.108.150.45/32"
					},
					{
						"IpProtocol": "tcp",
						"FromPort": 8443,
						"ToPort": 8443,
						"CidrIp": "140.108.150.51/32"
					},
					{
						"IpProtocol": "tcp",
						"FromPort": 8443,
						"ToPort": 8443,
						"CidrIp": "138.83.228.125/32"
					},
					{
						"IpProtocol": "tcp",
						"FromPort": 8443,
						"ToPort": 8443,
						"CidrIp": "138.83.228.131/32"
					},
					{
						"IpProtocol": "tcp",
						"FromPort": 8443,
						"ToPort": 8443,
						"CidrIp": "138.83.228.137/32"
					},
					{
						"IpProtocol": "tcp",
						"FromPort": 8443,
						"ToPort": 8443,
						"CidrIp": "138.83.228.144/32"
					},
					{
						"IpProtocol": "tcp",
						"FromPort": 8443,
						"ToPort": 8443,
						"CidrIp": "138.83.228.150/32"
					},
					{
						"IpProtocol": "tcp",
						"FromPort": 8443,
						"ToPort": 8443,
						"CidrIp": "140.108.16.211/32"
					},
					{
						"IpProtocol": "tcp",
						"FromPort": 8443,
						"ToPort": 8443,
						"CidrIp": "140.108.16.212/32"
					},
					{
						"IpProtocol": "tcp",
						"FromPort": 8443,
						"ToPort": 8443,
						"CidrIp": "138.83.228.43/32"
					},
					{
						"IpProtocol": "tcp",
						"FromPort": 8443,
						"ToPort": 8443,
						"CidrIp": "138.83.228.44/32"
					},
					{
						"IpProtocol": "tcp",
						"FromPort": 15000,
						"ToPort": 45000,
						"CidrIp": "156.145.140.76/30"
					},
					{
						"IpProtocol": "tcp",
						"FromPort": 15000,
						"ToPort": 45000,
						"CidrIp": "156.145.140.80/28"
					},
					{
						"IpProtocol": "tcp",
						"FromPort": 15000,
						"ToPort": 45000,
						"CidrIp": "156.145.140.96/29"
					},
					{
						"IpProtocol": "tcp",
						"FromPort": 15000,
						"ToPort": 45000,
						"CidrIp": "156.145.140.104/30"
					},
					{
						"IpProtocol": "tcp",
						"FromPort": 15000,
						"ToPort": 45000,
						"CidrIp": "156.145.140.108/32"
					},
					{
						"IpProtocol": "tcp",
						"FromPort": 15000,
						"ToPort": 45000,
						"CidrIp": "156.145.64.132/30"
					},
					{
						"IpProtocol": "tcp",
						"FromPort": 15000,
						"ToPort": 45000,
						"CidrIp": "156.145.64.136/31"
					},
					{
					"IpProtocol": "tcp",
						"FromPort": 15000,
						"ToPort": 45000,
						"CidrIp": "159.98.85.24/32"
					},
					{
						"IpProtocol": "tcp",
						"FromPort": 15000,
						"ToPort": 45000,
						"CidrIp": "156.145.64.138/32"
					},
					{
						"IpProtocol": "tcp",
						"FromPort": 15000,
						"ToPort": 45000,
						"CidrIp": "159.98.85.30/31"
					},
					{
						"IpProtocol": "tcp",
						"FromPort": 15000,
						"ToPort": 45000,
						"CidrIp": "159.98.85.32/29"
					},
					{
						"IpProtocol": "tcp",
						"FromPort": 15000,
						"ToPort": 45000,
						"CidrIp": "159.98.85.40/30"
					},
					{
						"IpProtocol": "tcp",
						"FromPort": 15000,
						"ToPort": 45000,
						"CidrIp": "159.98.66.97/32"
					},
					{
						"IpProtocol": "tcp",
						"FromPort": 15000,
						"ToPort": 45000,
						"CidrIp": "159.98.66.98/31"
					},
					{
						"IpProtocol": "tcp",
						"FromPort": 15000,
						"ToPort": 45000,
						"CidrIp": "159.98.66.100/31"
					},
					{
						"IpProtocol": "tcp",
						"FromPort": 15000,
						"ToPort": 45000,
						"CidrIp": "159.98.66.102/32"
					},
					{
						"IpProtocol": "tcp",
						"FromPort": 15000,
						"ToPort": 45000,
						"CidrIp": "159.98.90.37/32"
					},
					{
						"IpProtocol": "tcp",
						"FromPort": 15000,
						"ToPort": 45000,
						"CidrIp": "159.98.90.38/31"
					},
					{
						"IpProtocol": "tcp",
						"FromPort": 15000,
						"ToPort": 45000,
						"CidrIp": "159.98.90.40/29"
					},
					{
						"IpProtocol": "tcp",
						"FromPort": 15000,
						"ToPort": 45000,
						"CidrIp": "159.98.90.48/28"
					},
					{
						"IpProtocol": "tcp",
						"FromPort": 15000,
						"ToPort": 45000,
						"CidrIp": "159.98.90.64/28"
					},
					{
						"IpProtocol": "tcp",
						"FromPort": 15000,
						"ToPort": 45000,
						"CidrIp": "159.98.90.80/29"
					},
					{
						"IpProtocol": "tcp",
						"FromPort": 15000,
						"ToPort": 45000,
						"CidrIp": "159.98.90.88/30"
					},
					{
						"IpProtocol": "tcp",
						"FromPort": 15000,
						"ToPort": 45000,
						"CidrIp": "159.98.90.45/32"
					},
					{
						"IpProtocol": "tcp",
						"FromPort": 15000,
						"ToPort": 45000,
						"CidrIp": "159.98.90.86/31"
					},
					{
						"IpProtocol": "tcp",
						"FromPort": 15000,
						"ToPort": 45000,
						"CidrIp": "159.98.104.111/32"
					},
					{
						"IpProtocol": "tcp",
						"FromPort": 15000,
						"ToPort": 45000,
						"CidrIp": "159.98.104.112/28"
					},
					{
						"IpProtocol": "tcp",
						"FromPort": 15000,
						"ToPort": 45000,
						"CidrIp": "159.98.104.128/30"
					},
					{
						"IpProtocol": "tcp",
						"FromPort": 15000,
						"ToPort": 45000,
						"CidrIp": "159.98.104.132/31"
					},
					{
						"IpProtocol": "tcp",
						"FromPort": 15000,
						"ToPort": 45000,
						"CidrIp": "159.98.85.30/31"
					},
					{
						"IpProtocol": "tcp",
						"FromPort": 15000,
						"ToPort": 45000,
						"CidrIp": "159.98.85.32/27"
					},
					{
						"IpProtocol": "tcp",
						"FromPort": 15000,
						"ToPort": 45000,
						"CidrIp": "159.98.85.64/29"
					},
					{
						"IpProtocol": "tcp",
						"FromPort": 15000,
						"ToPort": 45000,
						"CidrIp": "159.98.85.72/30"
					},
					{
						"IpProtocol": "tcp",
						"FromPort": 15000,
						"ToPort": 45000,
						"CidrIp": "159.98.85.76/32"
					},
					{
						"IpProtocol": "tcp",
						"FromPort": 15000,
						"ToPort": 45000,
						"CidrIp": "159.98.90.37/32"
					},
					{
						"IpProtocol": "tcp",
						"FromPort": 15000,
						"ToPort": 45000,
						"CidrIp": "159.98.90.45/32"
					},
					{
						"IpProtocol": "tcp",
						"FromPort": 15000,
						"ToPort": 45000,
						"CidrIp": "159.98.90.86/31"
					},
					{
						"IpProtocol": "tcp",
						"FromPort": 15000,
						"ToPort": 45000,
						"CidrIp": "159.98.90.88/30"
					},
					{
						"IpProtocol": "tcp",
						"FromPort": 15000,
						"ToPort": 45000,
						"CidrIp": "159.98.66.97/32"
					},
					{
						"IpProtocol": "tcp",
						"FromPort": 15000,
						"ToPort": 45000,
						"CidrIp": "159.98.66.98/31"
					},
					{
						"IpProtocol": "tcp",
						"FromPort": 15000,
						"ToPort": 45000,
						"CidrIp": "159.98.66.100/31"
					},
					{
						"IpProtocol": "tcp",
						"FromPort": 15000,
						"ToPort": 45000,
						"CidrIp": "159.98.66.102/32"
					},
					{
						"IpProtocol": "tcp",
						"FromPort": 15000,
						"ToPort": 45000,
						"CidrIp": "159.98.104.111/32"
					},
					{
						"IpProtocol": "tcp",
						"FromPort": 15000,
						"ToPort": 45000,
						"CidrIp": "159.98.104.112/28"
					},
					{
						"IpProtocol": "tcp",
						"FromPort": 15000,
						"ToPort": 45000,
						"CidrIp": "159.98.104.128/30"
					},
					{
						"IpProtocol": "tcp",
						"FromPort": 15000,
						"ToPort": 45000,
						"CidrIp": "159.98.104.132/31"
					},
				{
						"IpProtocol": "tcp",
						"FromPort": 15000,
						"ToPort": 45000,
						"CidrIp": "159.98.85.37/32"
					},
				{
						"IpProtocol": "tcp",
						"FromPort": 15000,
						"ToPort": 45000,
						"CidrIp": "159.98.85.40/32"
					},
				{
						"IpProtocol": "tcp",
						"FromPort": 15000,
						"ToPort": 45000,
						"CidrIp": "159.98.85.50/32"
					},
					
				{
						"IpProtocol": "tcp",
						"FromPort": 15000,
						"ToPort": 45000,
						"CidrIp": "159.98.85.65/32"
					},
				{
						"IpProtocol": "tcp",
						"FromPort": 15000,
						"ToPort": 45000,
						"CidrIp": "159.98.85.67/32"
					},
				{
						"IpProtocol": "tcp",
						"FromPort": 15000,
						"ToPort": 45000,
						"CidrIp": "159.98.85.68/32"
					},


				{
						"IpProtocol": "tcp",
						"FromPort": 15000,
						"ToPort": 45000,
						"CidrIp": "159.98.66.97/32"
					},
				{
						"IpProtocol": "tcp",
						"FromPort": 15000,
						"ToPort": 45000,
						"CidrIp": "159.98.66.100/32"
					},
				{
						"IpProtocol": "tcp",
						"FromPort": 15000,
						"ToPort": 45000,
						"CidrIp": "159.98.66.52/32"
					},
					
				{
						"IpProtocol": "tcp",
						"FromPort": 15000,
						"ToPort": 45000,
						"CidrIp": "159.98.66.56/32"
					},
				{
						"IpProtocol": "tcp",
						"FromPort": 15000,
						"ToPort": 45000,
						"CidrIp": "159.98.66.60/32"
					},
				{
						"IpProtocol": "tcp",
						"FromPort": 15000,
						"ToPort": 45000,
						"CidrIp": "159.98.90.56/32"
					},
	

				{
						"IpProtocol": "tcp",
						"FromPort": 15000,
						"ToPort": 45000,
						"CidrIp": "159.98.104.127/32"
					},
				{
						"IpProtocol": "tcp",
						"FromPort": 15000,
						"ToPort": 45000,
						"CidrIp": "159.98.104.116/32"
					},
					
				{
						"IpProtocol": "tcp",
						"FromPort": 15000,
						"ToPort": 45000,
						"CidrIp": "159.98.104.114/32"
					},
				{
						"IpProtocol": "tcp",
						"FromPort": 15000,
						"ToPort": 45000,
						"CidrIp": "159.98.114.99/32"
					},
				{
						"IpProtocol": "tcp",
						"FromPort": 15000,
						"ToPort": 45000,
						"CidrIp": "159.98.114.100/32"
					},
					{
						"IpProtocol": "tcp",
						"FromPort": 443,
						"ToPort": 443,
						"CidrIp": "140.108.11.244/32"
					}

				],

				"SecurityGroupEgress": [
					{
						"IpProtocol": "tcp",
						"FromPort": 8443,
						"ToPort": 8443,
						"CidrIp": "140.108.150.21/32"
					},
					{
						"IpProtocol": "tcp",
						"FromPort": 8443,
						"ToPort": 8443,
						"CidrIp": "140.108.150.27/32"
					},
					{
						"IpProtocol": "tcp",
						"FromPort": 8443,
						"ToPort": 8443,
						"CidrIp": "140.108.150.33/32"
					},
					
					{
						"IpProtocol": "tcp",
						"FromPort": 8443,
						"ToPort": 8443,
						"CidrIp": "140.108.150.45/32"
					},
					{
						"IpProtocol": "tcp",
						"FromPort": 8443,
						"ToPort": 8443,
						"CidrIp": "140.108.150.51/32"
					},
					{
						"IpProtocol": "tcp",
						"FromPort": 8443,
						"ToPort": 8443,
						"CidrIp": "138.83.228.125/32"
					},
					{
						"IpProtocol": "tcp",
						"FromPort": 8443,
						"ToPort": 8443,
						"CidrIp": "138.83.228.131/32"
					},
					{
						"IpProtocol": "tcp",
						"FromPort": 8443,
						"ToPort": 8443,
						"CidrIp": "138.83.228.137/32"
					},
					{
						"IpProtocol": "tcp",
						"FromPort": 8443,
						"ToPort": 8443,
						"CidrIp": "138.83.228.144/32"
					},
					{
						"IpProtocol": "tcp",
						"FromPort": 8443,
						"ToPort": 8443,
						"CidrIp": "138.83.228.150/32"
					},
					{
						"IpProtocol": "tcp",
						"FromPort": 8443,
						"ToPort": 8443,
						"CidrIp": "140.108.16.211/32"
					},
					{
						"IpProtocol": "tcp",
						"FromPort": 8443,
						"ToPort": 8443,
						"CidrIp": "140.108.16.212/32"
					},
					{
						"IpProtocol": "tcp",
						"FromPort": 8443,
						"ToPort": 8443,
						"CidrIp": "138.83.228.43/32"
					},
					{
						"IpProtocol": "tcp",
						"FromPort": 8443,
						"ToPort": 8443,
						"CidrIp": "138.83.228.44/32"
					},
					{
						"IpProtocol": "tcp",
						"FromPort": 443,
						"ToPort": 443,
						"CidrIp": "140.108.11.244/32"
					},				
				{
						"IpProtocol": "tcp",
						"FromPort": 15000,
						"ToPort": 45000,
						"CidrIp": "156.145.140.76/30"
					},
					{
						"IpProtocol": "tcp",
						"FromPort": 15000,
						"ToPort": 45000,
						"CidrIp": "156.145.140.80/28"
					},
					{
						"IpProtocol": "tcp",
						"FromPort": 15000,
						"ToPort": 45000,
						"CidrIp": "156.145.140.96/29"
					},
					{
						"IpProtocol": "tcp",
						"FromPort": 15000,
						"ToPort": 45000,
						"CidrIp": "156.145.140.104/30"
					},
					{
						"IpProtocol": "tcp",
						"FromPort": 15000,
						"ToPort": 45000,
						"CidrIp": "156.145.140.108/32"
					},
					{
						"IpProtocol": "tcp",
						"FromPort": 15000,
						"ToPort": 45000,
						"CidrIp": "156.145.64.132/30"
					},
					{
						"IpProtocol": "tcp",
						"FromPort": 15000,
						"ToPort": 45000,
						"CidrIp": "156.145.64.136/31"
					},
					{
					"IpProtocol": "tcp",
						"FromPort": 15000,
						"ToPort": 45000,
						"CidrIp": "159.98.85.24/32"
					},
					{
						"IpProtocol": "tcp",
						"FromPort": 15000,
						"ToPort": 45000,
						"CidrIp": "156.145.64.138/32"
					},
					{
						"IpProtocol": "tcp",
						"FromPort": 15000,
						"ToPort": 45000,
						"CidrIp": "159.98.85.30/31"
					},
					{
						"IpProtocol": "tcp",
						"FromPort": 15000,
						"ToPort": 45000,
						"CidrIp": "159.98.85.32/29"
					},
					{
						"IpProtocol": "tcp",
						"FromPort": 15000,
						"ToPort": 45000,
						"CidrIp": "159.98.85.40/30"
					},
					{
						"IpProtocol": "tcp",
						"FromPort": 15000,
						"ToPort": 45000,
						"CidrIp": "159.98.66.97/32"
					},
					{
						"IpProtocol": "tcp",
						"FromPort": 15000,
						"ToPort": 45000,
						"CidrIp": "159.98.66.98/31"
					},
					{
						"IpProtocol": "tcp",
						"FromPort": 15000,
						"ToPort": 45000,
						"CidrIp": "159.98.66.100/31"
					},
					{
						"IpProtocol": "tcp",
						"FromPort": 15000,
						"ToPort": 45000,
						"CidrIp": "159.98.66.102/32"
					},
					{
						"IpProtocol": "tcp",
						"FromPort": 15000,
						"ToPort": 45000,
						"CidrIp": "159.98.90.37/32"
					},
					{
						"IpProtocol": "tcp",
						"FromPort": 15000,
						"ToPort": 45000,
						"CidrIp": "159.98.90.38/31"
					},
					{
						"IpProtocol": "tcp",
						"FromPort": 15000,
						"ToPort": 45000,
						"CidrIp": "159.98.90.40/29"
					},
					{
						"IpProtocol": "tcp",
						"FromPort": 15000,
						"ToPort": 45000,
						"CidrIp": "159.98.90.48/28"
					},
					{
						"IpProtocol": "tcp",
						"FromPort": 15000,
						"ToPort": 45000,
						"CidrIp": "159.98.90.64/28"
					},
					{
						"IpProtocol": "tcp",
						"FromPort": 15000,
						"ToPort": 45000,
						"CidrIp": "159.98.90.80/29"
					},
					{
						"IpProtocol": "tcp",
						"FromPort": 15000,
						"ToPort": 45000,
						"CidrIp": "159.98.90.88/30"
					},
					{
						"IpProtocol": "tcp",
						"FromPort": 15000,
						"ToPort": 45000,
						"CidrIp": "159.98.90.45/32"
					},
					{
						"IpProtocol": "tcp",
						"FromPort": 15000,
						"ToPort": 45000,
						"CidrIp": "159.98.90.86/31"
					},
					{
						"IpProtocol": "tcp",
						"FromPort": 15000,
						"ToPort": 45000,
						"CidrIp": "159.98.104.111/32"
					},
					{
						"IpProtocol": "tcp",
						"FromPort": 15000,
						"ToPort": 45000,
						"CidrIp": "159.98.104.112/28"
					},
					{
						"IpProtocol": "tcp",
						"FromPort": 15000,
						"ToPort": 45000,
						"CidrIp": "159.98.104.128/30"
					},
					{
						"IpProtocol": "tcp",
						"FromPort": 15000,
						"ToPort": 45000,
						"CidrIp": "159.98.104.132/31"
					},
					{
						"IpProtocol": "tcp",
						"FromPort": 15000,
						"ToPort": 45000,
						"CidrIp": "159.98.85.30/31"
					},
					{
						"IpProtocol": "tcp",
						"FromPort": 15000,
						"ToPort": 45000,
						"CidrIp": "159.98.85.32/27"
					},
					{
						"IpProtocol": "tcp",
						"FromPort": 15000,
						"ToPort": 45000,
						"CidrIp": "159.98.85.64/29"
					},
					{
						"IpProtocol": "tcp",
						"FromPort": 15000,
						"ToPort": 45000,
						"CidrIp": "159.98.85.72/30"
					},
					{
						"IpProtocol": "tcp",
						"FromPort": 15000,
						"ToPort": 45000,
						"CidrIp": "159.98.85.76/32"
					},
					{
						"IpProtocol": "tcp",
						"FromPort": 15000,
						"ToPort": 45000,
						"CidrIp": "159.98.90.37/32"
					},
					{
						"IpProtocol": "tcp",
						"FromPort": 15000,
						"ToPort": 45000,
						"CidrIp": "159.98.90.45/32"
					},
					{
						"IpProtocol": "tcp",
						"FromPort": 15000,
						"ToPort": 45000,
						"CidrIp": "159.98.90.86/31"
					},
					{
						"IpProtocol": "tcp",
						"FromPort": 15000,
						"ToPort": 45000,
						"CidrIp": "159.98.90.88/30"
					},
					{
						"IpProtocol": "tcp",
						"FromPort": 15000,
						"ToPort": 45000,
						"CidrIp": "159.98.66.97/32"
					},
					{
						"IpProtocol": "tcp",
						"FromPort": 15000,
						"ToPort": 45000,
						"CidrIp": "159.98.66.98/31"
					},
					{
						"IpProtocol": "tcp",
						"FromPort": 15000,
						"ToPort": 45000,
						"CidrIp": "159.98.66.100/31"
					},
					{
						"IpProtocol": "tcp",
						"FromPort": 15000,
						"ToPort": 45000,
						"CidrIp": "159.98.66.102/32"
					},
					{
						"IpProtocol": "tcp",
						"FromPort": 15000,
						"ToPort": 45000,
						"CidrIp": "159.98.104.111/32"
					},
					{
						"IpProtocol": "tcp",
						"FromPort": 15000,
						"ToPort": 45000,
						"CidrIp": "159.98.104.112/28"
					},
					{
						"IpProtocol": "tcp",
						"FromPort": 15000,
						"ToPort": 45000,
						"CidrIp": "159.98.104.128/30"
					},
					{
						"IpProtocol": "tcp",
						"FromPort": 15000,
						"ToPort": 45000,
						"CidrIp": "159.98.104.132/31"
					},
					{
						"IpProtocol": "tcp",
						"FromPort": 15000,
						"ToPort": 45000,
						"CidrIp": "159.98.85.37/32"
					},
					{
						"IpProtocol": "tcp",
						"FromPort": 15000,
						"ToPort": 45000,
						"CidrIp": "159.98.85.40/32"
					},
				{
						"IpProtocol": "tcp",
						"FromPort": 15000,
						"ToPort": 45000,
						"CidrIp": "159.98.85.50/32"
					},
					
				{
						"IpProtocol": "tcp",
						"FromPort": 15000,
						"ToPort": 45000,
						"CidrIp": "159.98.85.65/32"
					},
				{
						"IpProtocol": "tcp",
						"FromPort": 15000,
						"ToPort": 45000,
						"CidrIp": "159.98.85.67/32"
					},
				{
						"IpProtocol": "tcp",
						"FromPort": 15000,
						"ToPort": 45000,
						"CidrIp": "159.98.85.68/32"
					},


				{
						"IpProtocol": "tcp",
						"FromPort": 15000,
						"ToPort": 45000,
						"CidrIp": "159.98.66.97/32"
					},
				{
						"IpProtocol": "tcp",
						"FromPort": 15000,
						"ToPort": 45000,
						"CidrIp": "159.98.66.100/32"
					},
				{
						"IpProtocol": "tcp",
						"FromPort": 15000,
						"ToPort": 45000,
						"CidrIp": "159.98.66.52/32"
					},
					
				{
						"IpProtocol": "tcp",
						"FromPort": 15000,
						"ToPort": 45000,
						"CidrIp": "159.98.66.56/32"
					},
				{
						"IpProtocol": "tcp",
						"FromPort": 15000,
						"ToPort": 45000,
						"CidrIp": "159.98.66.60/32"
					},
				{
						"IpProtocol": "tcp",
						"FromPort": 15000,
						"ToPort": 45000,
						"CidrIp": "159.98.90.56/32"
					},
	

				{
						"IpProtocol": "tcp",
						"FromPort": 15000,
						"ToPort": 45000,
						"CidrIp": "159.98.104.127/32"
					},
				{
						"IpProtocol": "tcp",
						"FromPort": 15000,
						"ToPort": 45000,
						"CidrIp": "159.98.104.116/32"
					},
					
				{
						"IpProtocol": "tcp",
						"FromPort": 15000,
						"ToPort": 45000,
						"CidrIp": "159.98.104.114/32"
					},
				{
						"IpProtocol": "tcp",
						"FromPort": 15000,
						"ToPort": 45000,
						"CidrIp": "159.98.114.99/32"
					},
				{
						"IpProtocol": "tcp",
						"FromPort": 15000,
						"ToPort": 45000,
						"CidrIp": "159.98.114.100/32"
					}



				],
				"Tags": [{
						"Key": "UserID",
						"Value": {
							"Ref": "UserID"
						}
					},
					{
						"Key": "Vsad",
						"Value": {
							"Ref": "AppID"
						}
					},
					{
						"Key": "Role",
						"Value": {
							"Ref": "Role"
						}
					},
					{
						"Key": "Name",
						"Value": {
							"Fn::Join": [".", ["nts", {
								"Ref": "Env"
							}, {
								"Ref": "AWS::Region"
							}, {
								"Ref": "AppID"
							}, "SIP_EC2_NEW_VMM_443_AG_15_45_SG"]]
						}
					}
				]
			}
		}
	}
}