{
	"AWSTemplateFormatVersion": "2010-09-09",

	"Parameters": {
		"AppID": {
			"Type": "String",
			"Default": "PBXV",
			"Description": "VAST ID"
		},
		"UserID": {
			"Type": "String"
		},
		"Role": {
			"Type": "String"
		},
		"Env": {
			"Type": "String"
		},
		"VpcID": {
			"Type": "String"
		}
	},

	"Resources": {

		"SG": {
			"Type": "AWS::EC2::SecurityGroup",
			"Properties": {
				"GroupName": {
					"Fn::Join": [".", ["nts", {
						"Ref": "Env"
					}, {
						"Ref": "AWS::Region"
					}, {
						"Ref": "AppID"
					}, "FDVEC2SG_New_VAC"]]
				},
				"GroupDescription": {
					"Fn::Join": ["", [{
						"Ref": "AppID"
					}, "-FDVEC2SecurityGroup"]]
				},
				"VpcId": {
					"Ref": "VpcID"
				},
				"SecurityGroupIngress": [



					{
						"IpProtocol": "tcp",
						"FromPort": 1414,
						"ToPort": 1414,
						"CidrIp": "138.83.0.0/16"
					},

					{
						"IpProtocol": "tcp",
						"FromPort": 1414,
						"ToPort": 1414,
						"CidrIp": "144.8.224.0/20"
					},
					{
						"IpProtocol": "tcp",
						"FromPort": 1414,
						"ToPort": 1414,
						"CidrIp": "144.8.240.0/20"
					},

					{
						"IpProtocol": "tcp",
						"FromPort": 1414,
						"ToPort": 1414,
						"CidrIp": "159.98.116.23/32"
					},

					{
						"IpProtocol": "tcp",
						"FromPort": 1414,
						"ToPort": 1414,
						"CidrIp": "159.98.116.28/32"
					},
					{
						"IpProtocol": "tcp",
						"FromPort": 1414,
						"ToPort": 1414,
						"CidrIp": "166.68.0.0/16"
					}





				],
				"SecurityGroupEgress": [






					{
						"IpProtocol": "tcp",
						"FromPort": 1414,
						"ToPort": 1414,
						"CidrIp": "138.83.0.0/16"
					},

					{
						"IpProtocol": "tcp",
						"FromPort": 1414,
						"ToPort": 1414,
						"CidrIp": "144.8.224.0/20"
					},
					{
						"IpProtocol": "tcp",
						"FromPort": 1414,
						"ToPort": 1414,
						"CidrIp": "144.8.240.0/20"
					},

					{
						"IpProtocol": "tcp",
						"FromPort": 1414,
						"ToPort": 1414,
						"CidrIp": "159.98.116.23/32"
					},

					{
						"IpProtocol": "tcp",
						"FromPort": 1414,
						"ToPort": 1414,
						"CidrIp": "159.98.116.28/32"
					},
					{
						"IpProtocol": "tcp",
						"FromPort": 1414,
						"ToPort": 1414,
						"CidrIp": "166.68.0.0/16"
					}




				],
				"Tags": [{
						"Key": "UserID",
						"Value": {
							"Ref": "UserID"
						}
					},
					{
						"Key": "Vsad",
						"Value": {
							"Ref": "AppID"
						}
					},
					{
						"Key": "Role",
						"Value": {
							"Ref": "Role"
						}
					},
					{
						"Key": "Name",
						"Value": {
							"Fn::Join": [".", ["nts", {
								"Ref": "Env"
							}, {
								"Ref": "AWS::Region"
							}, {
								"Ref": "AppID"
							}, "FDVEC2SG_New_VAC"]]
						}
					}
				]
			}
		}


	}
}