{
	"AWSTemplateFormatVersion": "2010-09-09",

	"Parameters": {
		"AppID": {
			"Type": "String",
			"Default": "PBXV",
			"Description": "VAST ID"
		},
		"UserID": {
			"Type": "String"
		},
		"Role": {
			"Type": "String"
		},
		"Env": {
			"Type": "String"
		},
		"VpcID": {
			"Type": "String"
		}
	},

	"Resources": {

		"SG": {
			"Type": "AWS::EC2::SecurityGroup",
			"Properties": {
				"GroupName": {
					"Fn::Join": [".", ["nts", {
						"Ref": "Env"
					}, {
						"Ref": "AWS::Region"
					}, {
						"Ref": "AppID"
					}, "FDVEC2SG_New_RDS"]]
				},
				"GroupDescription": {
					"Fn::Join": ["", [{
						"Ref": "AppID"
					}, "-FDVEC2SecurityGroup"]]
				},
				"VpcId": {
					"Ref": "VpcID"
				},
				"SecurityGroupIngress": [

					{
						"IpProtocol": "tcp",
						"FromPort": 1521,
						"ToPort": 1521,
						"CidrIp": "144.8.230.69/32"
					},

					{
						"IpProtocol": "tcp",
						"FromPort": 1521,
						"ToPort": 1521,
						"CidrIp": "144.8.232.244/32"
					},

					{
						"IpProtocol": "tcp",
						"FromPort": 1521,
						"ToPort": 1521,
						"CidrIp": "144.8.226.2/32"
					},
					{
						"IpProtocol": "tcp",
						"FromPort": 1521,
						"ToPort": 1521,
						"CidrIp": "144.8.226.79/32"
					},


					{
						"IpProtocol": "tcp",
						"FromPort": 1521,
						"ToPort": 1521,
						"CidrIp": "144.8.232.106/32"
					}

				],
				"SecurityGroupEgress": [




					{
						"IpProtocol": "tcp",
						"FromPort": 1521,
						"ToPort": 1521,
						"CidrIp": "144.8.230.69/32"
					},

					{
						"IpProtocol": "tcp",
						"FromPort": 1521,
						"ToPort": 1521,
						"CidrIp": "144.8.232.244/32"
					},

					{
						"IpProtocol": "tcp",
						"FromPort": 1521,
						"ToPort": 1521,
						"CidrIp": "144.8.226.2/32"
					},
					{
						"IpProtocol": "tcp",
						"FromPort": 1521,
						"ToPort": 1521,
						"CidrIp": "144.8.226.79/32"
					},


					{
						"IpProtocol": "tcp",
						"FromPort": 1521,
						"ToPort": 1521,
						"CidrIp": "144.8.232.106/32"
					}


				],
				"Tags": [{
						"Key": "UserID",
						"Value": {
							"Ref": "UserID"
						}
					},
					{
						"Key": "Vsad",
						"Value": {
							"Ref": "AppID"
						}
					},
					{
						"Key": "Role",
						"Value": {
							"Ref": "Role"
						}
					},
					{
						"Key": "Name",
						"Value": {
							"Fn::Join": [".", ["nts", {
								"Ref": "Env"
							}, {
								"Ref": "AWS::Region"
							}, {
								"Ref": "AppID"
							}, "FDVEC2SG_New_RDS"]]
						}
					}
				]
			}
		}


	}
}