{
	"AWSTemplateFormatVersion": "2010-09-09",

	"Parameters": {
		"AppID": {
			"Type": "String",
			"Default": "PBXV",
			"Description": "VAST ID"
		},
		"UserID": {
			"Type": "String"
		},
		"Role": {
			"Type": "String"
		},
		"Env": {
			"Type": "String"
		},
		"VpcID": {
			"Type": "String"
		}
	},

	"Resources": {

		"SG": {
			"Type": "AWS::EC2::SecurityGroup",
			"Properties": {
				"GroupName": {
					"Fn::Join": [".", ["nts", {
						"Ref": "Env"
					}, {
						"Ref": "AWS::Region"
					}, {
						"Ref": "AppID"
					}, "FDVEC2SG_New_Broadsoft1"]]
				},
				"GroupDescription": {
					"Fn::Join": ["", [{
						"Ref": "AppID"
					}, "-FDVEC2SecurityGroup"]]
				},
				"VpcId": {
					"Ref": "VpcID"
				},
				"SecurityGroupIngress": [

					

					{
						"IpProtocol": "tcp",
						"FromPort": 443,
						"ToPort": 443,
						"CidrIp": "173.33.156.71/26"
					},

					
					{
						"IpProtocol": "tcp",
						"FromPort": 443,
						"ToPort": 443,
						"CidrIp": "101.24.42.82/26"
					},


					
					{
						"IpProtocol": "tcp",
						"FromPort": 443,
						"ToPort": 443,
						"CidrIp": "173.30.23.15/26"
					},

					
					{
						"IpProtocol": "tcp",
						"FromPort": 443,
						"ToPort": 443,
						"CidrIp": "173.17.5.15/26"
					}

				],
				"SecurityGroupEgress": [



					{
						"IpProtocol": "tcp",
						"FromPort": 443,
						"ToPort": 443,
						"CidrIp": "173.33.156.71/26"
					},

					
					
					{
						"IpProtocol": "tcp",
						"FromPort": 443,
						"ToPort": 443,
						"CidrIp": "101.24.42.82/26"
					},
				
					{
						"IpProtocol": "tcp",
						"FromPort": 443,
						"ToPort": 443,
						"CidrIp": "173.30.23.15/26"
					},

					
					{
						"IpProtocol": "tcp",
						"FromPort": 443,
						"ToPort": 443,
						"CidrIp": "173.17.5.15/26"
					}


				],
				"Tags": [{
						"Key": "UserID",
						"Value": {
							"Ref": "UserID"
						}
					},
					{
						"Key": "Vsad",
						"Value": {
							"Ref": "AppID"
						}
					},
					{
						"Key": "Role",
						"Value": {
							"Ref": "Role"
						}
					},
					{
						"Key": "Name",
						"Value": {
							"Fn::Join": [".", ["nts", {
								"Ref": "Env"
							}, {
								"Ref": "AWS::Region"
							}, {
								"Ref": "AppID"
							}, "FDVEC2SG_New_Broadsoft1"]]
						}
					}
				]
			}
		}


	}
}