{
	"AWSTemplateFormatVersion": "2010-09-09",
	"Parameters": {
		"AppID": {
			"Type": "String",
			"Default": "ZAPG",
			"Description": "VAST ID"
		},
		"UserID": {
			"Type": "String"
		},
		"Role": {
			"Type": "String"
		},
		"Env": {
			"Type": "String"
		},
		"VpcID": {
			"Type": "String"
		}
	},
	"Resources": {
		"SG": {
			"Type": "AWS::EC2::SecurityGroup",
			"Properties": {
				"GroupName": {
					"Fn::Join": [".", ["nts", {
						"Ref": "Env"
					}, {
						"Ref": "AWS::Region"
					}, {
						"Ref": "AppID"
					}, "EC2_to_AG_SG_Port_6000_7000"]]
				},
				"GroupDescription": {
					"Fn::Join": ["", [{
						"Ref": "AppID"
					}, "_EC2_to_AG_SG_Port_6000_7000"]]
				},
				"VpcId": {
					"Ref": "VpcID"
				},
				"SecurityGroupIngress": [
					{
						"IpProtocol": "tcp",
						"FromPort": 6000,
						"ToPort": 7000,
						"CidrIp": "144.8.224.0/20"
					}
				],
				"SecurityGroupEgress": [
					{
						"IpProtocol": "tcp",
						"FromPort": 6000,
						"ToPort": 7000,
						"CidrIp": "144.8.224.0/20"
					}
				],
				"Tags": [{
						"Key": "UserID",
						"Value": {
							"Ref": "UserID"
						}
					},
					{
						"Key": "Vsad",
						"Value": {
							"Ref": "AppID"
						}
					},
					{
						"Key": "Role",
						"Value": {
							"Ref": "Role"
						}
					},
					{
						"Key": "Name",
						"Value": {
							"Fn::Join": [".", ["nts", {
								"Ref": "Env"
							}, {
								"Ref": "AWS::Region"
							}, {
								"Ref": "AppID"
							}, "EC2_to_AG_SG_Port_6000_7000"]]
						}
					}
				]
			}
		}
	}
}