{
	"AWSTemplateFormatVersion": "2010-09-09",

	"Parameters": {
		"AppID": {
			"Type": "String",
			"Default": "NPAV",
			"Description": "VAST ID"
		},
		"UserID": {
			"Type": "String"
		},
		"Role": {
			"Type": "String"
		},
		"Env": {
			"Type": "String"
		},
		"VpcID": {
			"Type": "String"
		}
	},

	"Resources": {

		"SG": {
			"Type": "AWS::EC2::SecurityGroup",
			"Properties": {
				"GroupName": {
					"Fn::Join": [".", ["nts", {
						"Ref": "Env"
					}, {
						"Ref": "AWS::Region"
					}, {
						"Ref": "AppID"
					}, "NPAV_NTAS_ALB_Connection_SG"]]
				},
				"GroupDescription": {
					"Fn::Join": ["", [{
						"Ref": "AppID"
					}, "-NPAV-NTAS-ALB"]]
				},
				"VpcId": {
					"Ref": "VpcID"
				},

				"SecurityGroupIngress": [

					
					{
						"IpProtocol": "tcp",
						"FromPort": 22,
						"ToPort": 22,
						"CidrIp": "10.145.123.179/32"
					},
					{
						"IpProtocol": "tcp",
						"FromPort": 22,
						"ToPort": 22,
						"CidrIp": "63.25.66.142/32"
					}
				],
				"SecurityGroupEgress": [
					{
						"IpProtocol": "tcp",
						"FromPort": 22,
						"ToPort": 22,
						"CidrIp": "10.145.123.179/32"
					},
					{
						"IpProtocol": "tcp",
						"FromPort": 22,
						"ToPort": 22,
						"CidrIp": "63.25.66.142/32"
					}
				],


				"Tags": [{
						"Key": "UserID",
						"Value": {
							"Ref": "UserID"
						}
					},
					{
						"Key": "Vsad",
						"Value": {
							"Ref": "AppID"
						}
					},
					{
						"Key": "Role",
						"Value": {
							"Ref": "Role"
						}
					},
					{
						"Key": "Name",
						"Value": {
							"Fn::Join": [".", ["nts", {
								"Ref": "Env"
							}, {
								"Ref": "AWS::Region"
							}, {
								"Ref": "AppID"
							}, "NPAV_NTAS_SG"]]
						}
					}
				]
			}
		}
	}
}