{
	"AWSTemplateFormatVersion": "2010-09-09",

	"Parameters": {
		"AppID": {
			"Type": "String",
			"Default": "ZAPG",
			"Description": "VAST ID"
		},
		"UserID": {
			"Type": "String"
		},
		"Role": {
			"Type": "String"
		},
		"Env": {
			"Type": "String"
		},
		"VpcID": {
			"Type": "String"
		}
	},

	"Resources": {

		"SG": {
			"Type": "AWS::EC2::SecurityGroup",
			"Properties": {
				"GroupName": {
					"Fn::Join": [".", ["nts", {
						"Ref": "Env"
					}, {
						"Ref": "AWS::Region"
					}, {
						"Ref": "AppID"
					}, "SPIRIT_EC2_APP_Connection_RDS_SG"]]
				},
				"GroupDescription": {
					"Fn::Join": ["", [{
						"Ref": "AppID"
					}, "-EC2SecurityGroup"]]
				},
				"VpcId": {
					"Ref": "VpcID"
				},

				"SecurityGroupIngress": [

					{
						"IpProtocol": "tcp",
						"FromPort": 22,
						"ToPort": 22,
						"CidrIp": "139.49.40.104/32"
					},			
					{
						"IpProtocol": "tcp",
						"FromPort": 22,
						"ToPort": 22,
						"CidrIp": "139.49.40.105/32"
					},
										{
						"IpProtocol": "tcp",
						"FromPort": 22,
						"ToPort": 22,
						"CidrIp": "139.49.40.106/32"
					},			
					{
						"IpProtocol": "tcp",
						"FromPort": 22,
						"ToPort": 22,
						"CidrIp": "139.49.40.107/32"
					},
										{
						"IpProtocol": "tcp",
						"FromPort": 22,
						"ToPort": 22,
						"CidrIp": "139.49.40.108/32"
					},			
					{
						"IpProtocol": "tcp",
						"FromPort": 22,
						"ToPort": 22,
						"CidrIp": "139.49.40.109/32"
					},
										{
						"IpProtocol": "tcp",
						"FromPort": 22,
						"ToPort": 22,
						"CidrIp": "139.49.40.110/32"
					},			
					{
						"IpProtocol": "tcp",
						"FromPort": 22,
						"ToPort": 22,
						"CidrIp": "139.49.40.111/32"
					},
	
					{
						"IpProtocol": "tcp",
						"FromPort": 22,
						"ToPort": 22,
						"CidrIp": "136.151.193.208/32"
					},			
					{
						"IpProtocol": "tcp",
						"FromPort": 22,
						"ToPort": 22,
						"CidrIp": "136.151.193.209/32"
					},
										{
						"IpProtocol": "tcp",
						"FromPort": 22,
						"ToPort": 22,
						"CidrIp": "136.151.193.210/32"
					},			
					{
						"IpProtocol": "tcp",
						"FromPort": 22,
						"ToPort": 22,
						"CidrIp": "136.151.193.211/32"
					},
										{
						"IpProtocol": "tcp",
						"FromPort": 22,
						"ToPort": 22,
						"CidrIp": "136.151.193.212/32"
					},			
					{
						"IpProtocol": "tcp",
						"FromPort": 22,
						"ToPort": 22,
						"CidrIp": "136.151.193.213/32"
					},
										{
						"IpProtocol": "tcp",
						"FromPort": 22,
						"ToPort": 22,
						"CidrIp": "136.151.193.214/32"
					},			
					{
						"IpProtocol": "tcp",
						"FromPort": 22,
						"ToPort": 22,
						"CidrIp": "136.151.193.215/32"
					},
					{
						"IpProtocol": "tcp",
						"FromPort": 5432,
						"ToPort": 5432,
						"CidrIp": "144.8.224.0/22"
					},
					{
						"IpProtocol": "tcp",
						"FromPort": 5432,
						"ToPort": 5432,
						"CidrIp": "144.8.232.0/24"
					},
					{
						"IpProtocol": "tcp",
						"FromPort": 5432,
						"ToPort": 5432,
						"CidrIp": "144.8.231.0/22"
					},
					{
						"IpProtocol": "tcp",
						"FromPort": 5432,
						"ToPort": 5432,
						"CidrIp": "144.8.228.0/22"
					},
					{
						"IpProtocol": "tcp",
						"FromPort": 5432,
						"ToPort": 5432,
						"CidrIp": "144.8.244.0/22"
					},
					{
						"IpProtocol": "tcp",
						"FromPort": 5432,
						"ToPort": 5432,
						"CidrIp": "144.8.248.0/24"
					},
					{
						"IpProtocol": "tcp",
						"FromPort": 5432,
						"ToPort": 5432,
						"CidrIp": "144.8.240.0/22"
					}
				
				],
				"SecurityGroupEgress": [

					{
						"IpProtocol": "tcp",
						"FromPort": 22,
						"ToPort": 22,
						"CidrIp": "139.49.40.104/32"
					},			
					{
						"IpProtocol": "tcp",
						"FromPort": 22,
						"ToPort": 22,
						"CidrIp": "139.49.40.105/32"
					},
										{
						"IpProtocol": "tcp",
						"FromPort": 22,
						"ToPort": 22,
						"CidrIp": "139.49.40.106/32"
					},			
					{
						"IpProtocol": "tcp",
						"FromPort": 22,
						"ToPort": 22,
						"CidrIp": "139.49.40.107/32"
					},
										{
						"IpProtocol": "tcp",
						"FromPort": 22,
						"ToPort": 22,
						"CidrIp": "139.49.40.108/32"
					},			
					{
						"IpProtocol": "tcp",
						"FromPort": 22,
						"ToPort": 22,
						"CidrIp": "139.49.40.109/32"
					},
										{
						"IpProtocol": "tcp",
						"FromPort": 22,
						"ToPort": 22,
						"CidrIp": "139.49.40.110/32"
					},			
					{
						"IpProtocol": "tcp",
						"FromPort": 22,
						"ToPort": 22,
						"CidrIp": "139.49.40.111/32"
					},
	
					{
						"IpProtocol": "tcp",
						"FromPort": 22,
						"ToPort": 22,
						"CidrIp": "136.151.193.208/32"
					},			
					{
						"IpProtocol": "tcp",
						"FromPort": 22,
						"ToPort": 22,
						"CidrIp": "136.151.193.209/32"
					},
										{
						"IpProtocol": "tcp",
						"FromPort": 22,
						"ToPort": 22,
						"CidrIp": "136.151.193.210/32"
					},			
					{
						"IpProtocol": "tcp",
						"FromPort": 22,
						"ToPort": 22,
						"CidrIp": "136.151.193.211/32"
					},
										{
						"IpProtocol": "tcp",
						"FromPort": 22,
						"ToPort": 22,
						"CidrIp": "136.151.193.212/32"
					},			
					{
						"IpProtocol": "tcp",
						"FromPort": 22,
						"ToPort": 22,
						"CidrIp": "136.151.193.213/32"
					},
										{
						"IpProtocol": "tcp",
						"FromPort": 22,
						"ToPort": 22,
						"CidrIp": "136.151.193.214/32"
					},			
					{
						"IpProtocol": "tcp",
						"FromPort": 22,
						"ToPort": 22,
						"CidrIp": "136.151.193.215/32"
					},
					{
						"IpProtocol": "tcp",
						"FromPort": 5432,
						"ToPort": 5432,
						"CidrIp": "144.8.224.0/22"
					},
					{
						"IpProtocol": "tcp",
						"FromPort": 5432,
						"ToPort": 5432,
						"CidrIp": "144.8.232.0/24"
					},
					{
						"IpProtocol": "tcp",
						"FromPort": 5432,
						"ToPort": 5432,
						"CidrIp": "144.8.231.0/22"
					},
					{
						"IpProtocol": "tcp",
						"FromPort": 5432,
						"ToPort": 5432,
						"CidrIp": "144.8.228.0/22"
					},
					{
						"IpProtocol": "tcp",
						"FromPort": 5432,
						"ToPort": 5432,
						"CidrIp": "144.8.244.0/22"
					},
					{
						"IpProtocol": "tcp",
						"FromPort": 5432,
						"ToPort": 5432,
						"CidrIp": "144.8.248.0/24"
					},
					{
						"IpProtocol": "tcp",
						"FromPort": 5432,
						"ToPort": 5432,
						"CidrIp": "144.8.240.0/22"
					}
				
				],

				"Tags": [{
						"Key": "UserID",
						"Value": {
							"Ref": "UserID"
						}
					},
					{
						"Key": "Vsad",
						"Value": {
							"Ref": "AppID"
						}
					},
					{
						"Key": "Role",
						"Value": {
							"Ref": "Role"
						}
					},
					{
						"Key": "Name",
						"Value": {
							"Fn::Join": [".", ["nts", {
								"Ref": "Env"
							}, {
								"Ref": "AWS::Region"
							}, {
								"Ref": "AppID"
							}, "EC2_APP_RDS_SG"]]
						}
					}
				]
			}
		}
	}
}