{
  "AWSTemplateFormatVersion": "2010-09-09",

  "Parameters" : {
   "AppID" : {
     "Type" : "String",
     "Default" : "PBXV",
     "Description" : "VAST ID"
   },
   "UserID" : {
     "Type" : "String"
   },
   "Role" : {
      "Type" : "String"
   } ,
   "Env" :{
       "Type" : "String",
	   "Default":""
   },
   "VpcID":{
      "Type" : "String"
   }
  },

  "Resources": {

    "SG": {
      "Type": "AWS::EC2::SecurityGroup",
      "Properties": {
	    "GroupName" :  { "Fn::Join": [ ".", ["nts",{"Ref": "Env"},{"Ref":"AWS::Region"},{"Ref": "AppID"},"FDVALBSG"]]},
        "GroupDescription": { "Fn::Join": [ "", [{"Ref": "AppID"},"-FDVALBSecurityGroup"]]},
		"VpcId" : {"Ref" : "VpcID"},
		"SecurityGroupIngress" : [
 {
   "IpProtocol": "tcp",
   "FromPort": "443",
   "ToPort": "443",
   "CidrIp": "62.191.0.0/16"
 },
 {
   "IpProtocol": "tcp",
   "FromPort": "443",
   "ToPort": "443",
   "CidrIp": "63.0.0.0/8"
 },
{
   "IpProtocol": "tcp",
   "FromPort": "443",
   "ToPort": "443",
   "CidrIp": "71.0.0.0/8"
 },
{
   "IpProtocol": "tcp",
   "FromPort": "443",
   "ToPort": "443",
   "CidrIp": "101.0.0.0/8"
 },
{
   "IpProtocol": "tcp",
   "FromPort": "443",
   "ToPort": "443",
   "CidrIp": "112.0.0.0/7"
 },
{
   "IpProtocol": "tcp",
   "FromPort": "443",
   "ToPort": "443",
   "CidrIp": "114.0.0.0/8"
 },
          {
   "IpProtocol": "tcp",
   "FromPort": "443",
   "ToPort": "443",
   "CidrIp": "128.0.0.0/3"
 },          
{
   "IpProtocol": "tcp",
   "FromPort": "443",
   "ToPort": "443",
   "CidrIp": "160.0.0.0/3"
 }         


],
		"Tags":[
	    {
          "Key":"UserID",
          "Value": { "Ref" : "UserID" }
        },			   
        {
          "Key":"Vsad",
          "Value": { "Ref" : "AppID" }
        },
        {
          "Key":"Role",
          "Value": { "Ref" : "Role" }
        },
		{
          "Key":"Name",
          "Value": { "Fn::Join": [ ".", ["nts",{"Ref": "Env"},{"Ref":"AWS::Region"},{"Ref": "AppID"},"FDVALBSG"]]}
        }
	  ]
      }
    }

   
  }
}
