{
    "AWSTemplateFormatVersion": "2010-09-09",
    "Description": "NTS PBXV New AWS Instance Linux - New NonProd VPC",

    "Parameters": {
        "SubnetName": {
            "Description": "Subnet Name",
            "Type": "String"
        },
        "AppInstanceType": {
            "Description": "New AWS Instance",
            "Type": "String"
        },     
        "CustomAMI": {
            "Type": "String",
            "Default": "No",
            "AllowedValues": ["Yes", "No"]
        },
        "AppID":  { "Type": "String" },
        "UserID": { "Type": "String" },
        "Role":   { "Type": "String" },
        "Name":   { "Type": "String" },       
        "Environment": { "Type": "String" },
        "Environment2": { "Type": "String" },        
        "AppEnv": { "Type": "String" }, 
        "ImageType": { "Type": "String" },
        "VzPolInstanceProfile": { "Type": "String" },
        "RootVolume": {
            "Description": "Enter Root Volume.",
            "Type": "Number"      
        },
        "AdditionalVolume": {
            "Description": "Enter Additional Volume.",
            "Type": "Number"     
        },
        "AdditionalVolume1": {
            "Description": "Enter Additional Volume.",
            "Type": "Number"     
        },
        "AdditionalVolume2": {
            "Description": "Enter Additional Volume.",
            "Type": "Number"     
        },
        "AdditionalVolume3": {
            "Description": "Enter Additional Volume.",
            "Type": "Number"     
        },
        "VzPolKMSKeyARN": { "Type": "String" },
        "AvailabilityZone": { "Type": "String" },
        "SecurityGroups": {
			"Description": "Additional security groups to be added to the EC2 instance besides the default infrastructure",
			"Type": "List<AWS::EC2::SecurityGroup::Id>"
		}
    },

    "Conditions": {      
        "CustomAMICnd": {
            "Fn::Equals": [{ "Ref": "CustomAMI" }, "No"]
        }        
    },  

    "Resources": {
     
        
      "AppVolume": {
            "Type": "AWS::EC2::Volume",
            "Condition" : "CustomAMICnd",
            "Properties": {
                "AvailabilityZone": { "Ref":"AvailabilityZone" },
                "Size": { "Ref": "AdditionalVolume" },
                "VolumeType": "gp3",               
                "Encrypted": "true",
                "KmsKeyId": { "Ref": "VzPolKMSKeyARN" },
                "Tags":  [{ "Key": "Vsad", "Value": { "Ref": "AppID" } }, 
                          { "Key": "Userid", "Value": { "Ref": "UserID" } }, 
                          { "Key": "Role", "Value": { "Ref": "Role" } }, 
                          { "Key": "Name", "Value": {"Fn::Sub": "${AWS::StackName}"} },                        
                          { "Key": "Environment", "Value": { "Ref": "Environment" } }, 
                          { "Key": "Environment2", "Value": { "Ref": "Environment2" } },
                          { "Key": "AppEnv", "Value": { "Ref": "AppEnv" }}]  
            }
        }, 
        "AppVolume1": {
            "Type": "AWS::EC2::Volume",
            "Condition" : "CustomAMICnd",
            "Properties": {
                "AvailabilityZone": { "Ref":"AvailabilityZone" },
                "Size": { "Ref": "AdditionalVolume1" },
                "VolumeType": "gp3",               
                "Encrypted": "true",
                "KmsKeyId": { "Ref": "VzPolKMSKeyARN" },
                "Tags":  [{ "Key": "Vsad", "Value": { "Ref": "AppID" } }, 
                          { "Key": "Userid", "Value": { "Ref": "UserID" } }, 
                          { "Key": "Role", "Value": { "Ref": "Role" } }, 
                          { "Key": "Name", "Value": {"Fn::Sub": "${AWS::StackName}"} },                        
                          { "Key": "Environment", "Value": { "Ref": "Environment" } }, 
                          { "Key": "Environment2", "Value": { "Ref": "Environment2" } },
                          { "Key": "AppEnv", "Value": { "Ref": "AppEnv" }}]  
            }
        }, 
        "AppVolume2": {
            "Type": "AWS::EC2::Volume",
            "Condition" : "CustomAMICnd",
            "Properties": {
                "AvailabilityZone": { "Ref":"AvailabilityZone" },
                "Size": { "Ref": "AdditionalVolume2" },
                "VolumeType": "gp3",               
                "Encrypted": "true",
                "KmsKeyId": { "Ref": "VzPolKMSKeyARN" },
                "Tags":  [{ "Key": "Vsad", "Value": { "Ref": "AppID" } }, 
                          { "Key": "Userid", "Value": { "Ref": "UserID" } }, 
                          { "Key": "Role", "Value": { "Ref": "Role" } }, 
                          { "Key": "Name", "Value": {"Fn::Sub": "${AWS::StackName}"} },                        
                          { "Key": "Environment", "Value": { "Ref": "Environment" } }, 
                          { "Key": "Environment2", "Value": { "Ref": "Environment2" } },
                          { "Key": "AppEnv", "Value": { "Ref": "AppEnv" }}]  
            }
        }, 
        "AppVolume3": {
            "Type": "AWS::EC2::Volume",
            "Condition" : "CustomAMICnd",
            "Properties": {
                "AvailabilityZone": { "Ref":"AvailabilityZone" },
                "Size": { "Ref": "AdditionalVolume3" },
                "VolumeType": "gp3",               
                "Encrypted": "true",
                "KmsKeyId": { "Ref": "VzPolKMSKeyARN" },
                "Tags":  [{ "Key": "Vsad", "Value": { "Ref": "AppID" } }, 
                          { "Key": "Userid", "Value": { "Ref": "UserID" } }, 
                          { "Key": "Role", "Value": { "Ref": "Role" } }, 
                          { "Key": "Name", "Value": {"Fn::Sub": "${AWS::StackName}"} },                        
                          { "Key": "Environment", "Value": { "Ref": "Environment" } }, 
                          { "Key": "Environment2", "Value": { "Ref": "Environment2" } },
                          { "Key": "AppEnv", "Value": { "Ref": "AppEnv" }}]  
            }
        }, 


        

        "NTSPBXVAWSINSTANCE1": {
            "Type": "AWS::EC2::Instance",           
            "Properties": {
                "InstanceType": { "Ref": "AppInstanceType" },
                "DisableApiTermination" : "false",
                "ImageId": { "Ref": "ImageType" },               
                "IamInstanceProfile": { "Ref": "VzPolInstanceProfile" },
                "BlockDeviceMappings": [
                    { "DeviceName": "/dev/sda1", "Ebs": { "VolumeSize": { "Ref": "RootVolume" } } } ,

                     { "DeviceName": "/dev/sdg","Ebs": { "VolumeSize": "100" , "Encrypted": "true","KmsKeyId":
	   {"Ref":"VzPolKMSKeyARN"} }
                   },

       { "DeviceName": "/dev/sdh","Ebs": { "VolumeSize": "100","Encrypted": "true"
	   ,"KmsKeyId":{"Ref":"VzPolKMSKeyARN"} }       
},

        { "DeviceName": "/dev/sdi","Ebs": { "VolumeSize": "100", "Encrypted": "true",
		"KmsKeyId":{"Ref":"VzPolKMSKeyARN"} } }
             
    

                ],
                "Volumes": [
                    { "Fn::If": [ "CustomAMICnd", { "Device": "xvdf", "VolumeId": { "Ref": "AppVolume"  }  }  , {"Ref" : "AWS::NoValue"}]  }
                    

     
                   
                ],
                "NetworkInterfaces": [
                 {
                    "AssociatePublicIpAddress": "false",
                    "DeviceIndex": "0",
                    "SubnetId": { "Ref": "SubnetName" },
                    "GroupSet": {
						"Fn::Split": [",",
						 {
							"Fn::Join": [",",
							   { "Ref": "SecurityGroups"} ]
						 }]
					}                                 
                }],                
                
                 "Tags":  [{ "Key": "Vsad", "Value": { "Ref": "AppID" } }, 
                          { "Key": "Userid", "Value": { "Ref": "UserID" } }, 
                          { "Key": "Role", "Value": { "Ref": "Role" } }, 
                          { "Key": "Name", "Value": {"Fn::Sub": "${AWS::StackName}"} },                       
                          { "Key": "Environment", "Value": { "Ref": "Environment" } }, 
                          { "Key": "Environment2", "Value": { "Ref": "Environment2" } },
                          { "Key": "AppEnv", "Value": { "Ref": "AppEnv" }},
                          {"Value": "yes","Key": "nostop"}]  
            }
        }    
       
           
    },

      "Outputs": { 

        "AWSStackName": {           
            "Description": "InstanceId of the newly created EC2 instance",
             "Value": { "Fn::Join": [ "", [ {"Fn::Sub": "${AWS::StackName}"}]]}                  
        },       
        
        "InstanceId1": {           
            "Description": "InstanceId of the newly created EC2 instance",
            "Value": { "Fn::Join": [ "", [ {"Ref": "NTSPBXVAWSINSTANCE1"}]]},
            "Export": { "Name" :  {"Fn::Sub": "${AWS::StackName}"} }   
                  
        },
         "AppVolumeId": { 
            "Condition" : "CustomAMICnd",          
            "Description": "AppVolumeId of the newly created EC2 instance",
            "Value": { "Fn::Join": [ "", [ {"Ref": "AppVolume"}]]} 
                  
        },
        "AZ1": {           
            "Description": "Availability Zone of the newly created EC2 instance",
            "Value": { "Fn::Join": [ ",", [ { "Fn::GetAtt": ["NTSPBXVAWSINSTANCE1","AvailabilityZone"]}]]} 
                    
        },
         "PrivateIP1": {           
            "Description": "PrivateIP of the newly created EC2 instance",
            "Value": { "Fn::Join": [ ",", [ { "Fn::GetAtt": ["NTSPBXVAWSINSTANCE1","PrivateIp"]}]]} 
                     
        }
     
    }
}
