
{
	"AWSTemplateFormatVersion": "2010-09-09",
	"Description": "AWS CF Template generated by the Pyplate API call.",
	"Parameters": {
		"AppID": {
			"Type": "String"
		},
		"UserID": {
			"Type": "String"
		},
		"Role": {
			"Type": "String"
		},
		"InstanceName": {
			"Type": "String"
		},
		"Ec2SecurityGroup": {
			"Type": "CommaDelimitedList"
		},
		"AvailabilityZone": {
			"Type": "String"
		},
		"Subnet": {
			"Type": "String"
		},
		"IAMRole": {
			"Type": "String",
			"Default": "NA"
		},
		"snapshotxvdc": {
			"Type": "String",
			"Default": "NA"
		},
		"snapshotxvdd": {
			"Type": "String",
			"Default": "NA"
		},
		"snapshotxvde": {
			"Type": "String",
			"Default": "NA"
		},
		"snapshotxvdf": {
			"Type": "String",
			"Default": "NA"
		},
		"kmskey": {
			"Type": "String"
		},
		"Instancetype": {
			"Type": "String"
		},
		"AppVersion": {
			"Type": "String",
			"Default": "",
			"Description": "AppVersion is required to find the ami id but if imageid is passed this parameter will not be used. PREBASE is used a base version"
		},
		"BuildNumber": {
			"Type": "String",
			"Default": "",
			"Description": "BuildNumber is required to find the ami id but if imageid is passed this parameter will not be used."
		},
		"ImageId": {
			"Type": "String",
			"Default": ""
		},
		"NamePattern": {
			"Type": "String",
			"Default": "VZ-PBXV*",
			"Description": "NamePattern is required to find the ami id but if imageid is passed this parameter will not be used."
		},
		"InfraKey": {
			"Type": "String",
			"Default": "InfraCommon",
			"Description": "InfraKey is required to refer to lambda for ami id lookup but if imageid is passed this parameter will not be used."
		}
	},
	"Conditions": {
		"NotUseImageId": {
			"Fn::Equals": [{
					"Ref": "ImageId"
				},
				""
			]
		},
		"nosnapshotxvdc": {
			"Fn::Equals": [{
					"Ref": "snapshotxvdc"
				},
				"NA"
			]
		},
		"nosnapshotxvdd": {
			"Fn::Equals": [{
					"Ref": "snapshotxvdd"
				},
				"NA"
			]
		},
		"nosnapshotxvde": {
			"Fn::Equals": [{
					"Ref": "snapshotxvde"
				},
				"NA"
			]
		},
		"nosnapshotxvdf": {
			"Fn::Equals": [{
					"Ref": "snapshotxvdf"
				},
				"NA"
			]
		}
	},
	"Mappings": {

	},
	"Metadata": {

	},
	"Resources": {
		"AMIInfo": {
			"Type": "Custom::AMIInfo",
			"Properties": {
				"ServiceToken": {
					"Fn::Join": [":",
						["arn:aws:lambda",
							{
								"Ref": "AWS::Region"
							},
							{
								"Ref": "AWS::AccountId"
							},
							{
								"Fn::Join": ["",
									["function:",
										"IVAV",
										{
											"Ref": "InfraKey"
										},
										"-BuildAMILookup"
									]
								]
							}
						]
					]
				},
				"Region": {
					"Ref": "AWS::Region"
				},
				"AppID": {
					"Ref": "AppID"
				},
				"AppVersion": {
					"Ref": "AppVersion"
				},
				"NamePattern": {
					"Ref": "NamePattern"
				},
				"BuildTag": {
					"Ref": "BuildNumber"
				}
			}
		},
		"ec2PBXVinstance0": {
			"Type": "AWS::EC2::Instance",
			"DependsOn": ["AMIInfo"],
			"Properties": {
				"ImageId": {
					"Fn::If": ["NotUseImageId",
						{
							"Fn::GetAtt": ["AMIInfo",
								"Id"
							]
						},
						{
							"Ref": "ImageId"
						}
					]
				},
				"InstanceType": {
					"Ref": "Instancetype"
				},
				"IamInstanceProfile": {
					"Ref": "IAMRole"
				},
				"AvailabilityZone": {
					"Ref": "AvailabilityZone"
				},
				"NetworkInterfaces": [{
					"AssociatePublicIpAddress": false,
					"DeviceIndex": "0",
					"SubnetId": {
						"Ref": "Subnet"
					},
					"GroupSet": {
						"Ref": "Ec2SecurityGroup"
					}
				}],
				"BlockDeviceMappings": [{
					"DeviceName": "/dev/sda1",
					"Ebs": {
						"DeleteOnTermination": "True",
						"VolumeSize": 40
					}
				}],
				"Tags": [{
						"Value": {
							"Ref": "UserID"
						},
						"Key": "Userid"
					},
					{
						"Value": {
							"Ref": "AppID"
						},
						"Key": "Vsad"
					},
					{
						"Value": {
							"Ref": "InstanceName"
						},
						"Key": "Name"
					},
					{
						"Value": {
							"Ref": "Role"
						},
						"Key": "Role"
					},
					{
						"Value": "yes",
						"Key": "nostop"
					},
					{
						"Value": "Version1.2",
						"Key": "NTS Pipeline"
					}
				]
			}
		},
		"ebsPBXV00": {
			"Type": "AWS::EC2::Volume",
			"Properties": {
				"AvailabilityZone": {
					"Ref": "AvailabilityZone"
				},
				"Tags": [{
						"Value": {
							"Ref": "UserID"
						},
						"Key": "Userid"
					},
					{
						"Value": {
							"Ref": "AppID"
						},
						"Key": "Vsad"
					},
					{
						"Value": "VZ-NTS-PBXV-Volume0",
						"Key": "Name"
					},
					{
						"Value": {
							"Ref": "Role"
						},
						"Key": "Role"
					},
					{
						"Value": "Version1.2",
						"Key": "NTS Pipeline"
					}
				],
				"SnapshotId": {
					"Fn::If": ["nosnapshotxvdc",
						{
							"Ref": "AWS::NoValue"
						},
						{
							"Ref": "snapshotxvdc"
						}
					]
				},
				"Encrypted": {
					"Fn::If": ["nosnapshotxvdc",
						"True",
						{
							"Ref": "AWS::NoValue"
						}
					]
				},
				"VolumeType": "gp3",
				"KmsKeyId": {
					"Fn::If": ["nosnapshotxvdc",
						{
							"Ref": "kmskey"
						},
						{
							"Ref": "AWS::NoValue"
						}
					]
				},
				"Size": "100"
			}
		},
		"ebsattachmentPBXV00": {
			"Type": "AWS::EC2::VolumeAttachment",
			"Properties": {
				"InstanceId": {
					"Ref": "ec2PBXVinstance0"
				},
				"Device": "/dev/sdc",
				"VolumeId": {
					"Ref": "ebsPBXV00"
				}
			}
		},
		"ebsPBXV01": {
			"Type": "AWS::EC2::Volume",
			"DependsOn": [
            "ebsattachmentPBXV00"
            ],

			"Properties": {
				"AvailabilityZone": {
					"Ref": "AvailabilityZone"
				},
				"Tags": [{
						"Value": {
							"Ref": "UserID"
						},
						"Key": "Userid"
					},
					{
						"Value": {
							"Ref": "AppID"
						},
						"Key": "Vsad"
					},
					{
						"Value": "VZ-NTS-PBXV-Volume1",
						"Key": "Name"
					},
					{
						"Value": {
							"Ref": "Role"
						},
						"Key": "Role"
					},
					{
						"Value": "Version1.2",
						"Key": "NTS Pipeline"
					}
				],
				"SnapshotId": {
					"Fn::If": ["nosnapshotxvdd",
						{
							"Ref": "AWS::NoValue"
						},
						{
							"Ref": "snapshotxvdd"
						}
					]
				},
				"Encrypted": {
					"Fn::If": ["nosnapshotxvdd",
						"True",
						{
							"Ref": "AWS::NoValue"
						}
					]
				},
				"VolumeType": "gp3",
				"KmsKeyId": {
					"Fn::If": ["nosnapshotxvdd",
						{
							"Ref": "kmskey"
						},
						{
							"Ref": "AWS::NoValue"
						}
					]
				},
				"Size": "100"
			}
		},
		"ebsattachmentPBXV01": {
			"Type": "AWS::EC2::VolumeAttachment",
			"Properties": {
				"InstanceId": {
					"Ref": "ec2PBXVinstance0"
				},
				"Device": "/dev/sdd",
				"VolumeId": {
					"Ref": "ebsPBXV01"
				}
			}
		},
		"ebsPBXV02": {
			"Type": "AWS::EC2::Volume",
			"DependsOn": [
            "ebsattachmentPBXV01"
            ],

			"Properties": {
				"AvailabilityZone": {
					"Ref": "AvailabilityZone"
				},
				"Tags": [{
						"Value": {
							"Ref": "UserID"
						},
						"Key": "Userid"
					},
					{
						"Value": {
							"Ref": "AppID"
						},
						"Key": "Vsad"
					},
					{
						"Value": "VZ-NTS-PBXV-Volume2",
						"Key": "Name"
					},
					{
						"Value": {
							"Ref": "Role"
						},
						"Key": "Role"
					},
					{
						"Value": "Version1.2",
						"Key": "NTS Pipeline"
					}
				],
				"SnapshotId": {
					"Fn::If": ["nosnapshotxvde",
						{
							"Ref": "AWS::NoValue"
						},
						{
							"Ref": "snapshotxvde"
						}
					]
				},
				"Encrypted": {
					"Fn::If": ["nosnapshotxvde",
						"True",
						{
							"Ref": "AWS::NoValue"
						}
					]
				},
				"VolumeType": "gp3",
				"KmsKeyId": {
					"Fn::If": ["nosnapshotxvde",
						{
							"Ref": "kmskey"
						},
						{
							"Ref": "AWS::NoValue"
						}
					]
				},
				"Size": "100"
			}
		},
		"ebsattachmentPBXV02": {
			"Type": "AWS::EC2::VolumeAttachment",
			"Properties": {
				"InstanceId": {
					"Ref": "ec2PBXVinstance0"
				},
				"Device": "/dev/sde",
				"VolumeId": {
					"Ref": "ebsPBXV02"
				}
			}
		},

		"ebsPBXV03": {
			"Type": "AWS::EC2::Volume",
			"DependsOn": [
            "ebsattachmentPBXV02"
            ],

			"Properties": {
				"AvailabilityZone": {
					"Ref": "AvailabilityZone"
				},
				"Tags": [{
						"Value": {
							"Ref": "UserID"
						},
						"Key": "Userid"
					},
					{
						"Value": {
							"Ref": "AppID"
						},
						"Key": "Vsad"
					},
					{
						"Value": "VZ-NTS-PBXV-Volume4",
						"Key": "Name"
					},
					{
						"Value": {
							"Ref": "Role"
						},
						"Key": "Role"
					},
					{
						"Value": "Version1.2",
						"Key": "NTS Pipeline"
					}
				],
				"SnapshotId": {
					"Fn::If": ["nosnapshotxvdf",
						{
							"Ref": "AWS::NoValue"
						},
						{
							"Ref": "snapshotxvdf"
						}
					]
				},
				"Encrypted": {
					"Fn::If": ["nosnapshotxvdf",
						"True",
						{
							"Ref": "AWS::NoValue"
						}
					]
				},
				"VolumeType": "gp3",
				"KmsKeyId": {
					"Fn::If": ["nosnapshotxvdf",
						{
							"Ref": "kmskey"
						},
						{
							"Ref": "AWS::NoValue"
						}
					]
				},
				"Size": "100"
			}
		},
		"ebsattachmentPBXV03": {
			"Type": "AWS::EC2::VolumeAttachment",
			"Properties": {
				"InstanceId": {
					"Ref": "ec2PBXVinstance0"
				},
				"Device": "/dev/sdf",
				"VolumeId": {
					"Ref": "ebsPBXV03"
				}
			}
		}

	},
	"Outputs": {
		"InstanceId": {
			"Description": "InstanceId of the newly created EC2 instance",
			"Value": {
				"Ref": "ec2PBXVinstance0"
			}
		},
		"AZ": {
			"Description": "Availability Zone of the newly created EC2 instance",
			"Value": {
				"Fn::GetAtt": ["ec2PBXVinstance0",
					"AvailabilityZone"
				]
			}
		},
		"PrivateIP": {
			"Description": "PrivateIP of the newly created EC2 instance",
			"Value": {
				"Fn::GetAtt": ["ec2PBXVinstance0",
					"PrivateIp"
				]
			}
		}
	}
}
