{
    "AWSTemplateFormatVersion": "2010-09-09",
    "Description": "NTS PBXV New Snapshot using existing VolumeID",

	"EbsSnapshot" : {
    "Type" : "Custom::CreateEbsSnapshot",
    "Properties" : {
      "ServiceToken": { "Fn::Join": [ "", [ "arn:aws:lambda:", { "Ref": "AWS::Region" }, ":", { "Ref": "AWS::AccountId" }, ":function:VzCore-Create-Ebs-Snapshot" ] ] },
      "SnapshotName" : { "Fn::Join": [ "-", [ "Snap", { "Ref": "SourceVolumeId" } ] ] },
      "Userid" : { "Ref" : "UserID" },
      "Role" : { "Ref" : "Role" },
      "VolumeId" : { "Ref" : "SourceVolumeId" },
      "Vsad" : { "Ref" : "AppID" }
    }
  },
 
  "EbsVolume" : {
    "Type" : "AWS::EC2::Volume",
    "Properties" : {
      "AvailabilityZone" : { "Ref" : "AvailabilityZone" },
      "SnapshotId" : { "Fn::GetAtt": [ "EbsSnapshot", "SnapshotId" ] },
      "Tags": [
        { "Key" : "Name",
          "Value" : { "Fn::Join": [ "-", [ { "Ref": "PortfolioName" }, { "Ref": "AppID" },
                                           { "Ref": "AbbrevAppName" }, { "Ref": "Environment" },
                                           { "Ref": "NewVolumeName" }, "VOL-01" ] ] } },
        { "Key" : "Owner",            "Value": { "Ref": "OwnerEmail" } },
        { "Key" : "Userid",           "Value": { "Ref": "UserID" } },
        { "Key" : "Vsad",             "Value": { "Ref": "AppID" } },
        { "Key" : "Role",             "Value": { "Ref": "Role" } },
        { "Key" : "Portfolio_VP",     "Value": { "Ref": "PortfolioVp" } }
      ],
      "VolumeType" : "gp2",
      "Size" : { "Ref": "NewVolumeSize" }
    }
  }
}


   

    
    
     
