{
	"AWSTemplateFormatVersion": "2010-09-09",
	"Parameters": {
		"Environment": {
			"Type": "String",
			"Description": "Environment"
		},
		"AppID": {
			"Type": "String",
			"Description": "Application ID"
		},
		"UserID": {
			"NoEcho": "true",
			"Type": "String"
		},
		"Role": {
			"Type": "String"
		},
		"SecurityGroups": {
			"Type": "String"
		},
		"LBSubnets": {
			"Type": "String"
		},
		"ELBS3Bucket": {
			"Type": "String"
		},
		"ASGName": {
			"Type": "String"
		},
		"VPCZoneIdentifier": {
			"Type": "String"
		},
		"IAM": {
			"Type": "String"
		},
		"ImageId": {
			"Type": "String"
		},
		"MinEC2Instances": {
			"Type": "Number"
		},
		"MaxEC2Instances": {
			"Type": "Number"
		},
		"AvailabilityZone": {
			"Type": "String"
		},
		"Instancetype": {
			"Type": "String"
		},
		"OperatorEmail": {
			"Type": "String"
		},
		"AppVersion": {
			"Type": "String",
			"Default": "",
			"Description": "AppVersion is required to find the ami id but if imageid is passed this parameter will not be used."
		},
		"BuildNumber": {
			"Type": "String",
			"Default": "",
			"Description": "BuildNumber is required to find the ami id but if imageid is passed this parameter will not be used."
		},
		"BUILDNUMBER1": {
			"Type": "String",
			"Default": ""
		},
		"NamePattern": {
			"Type": "String",
			"Default": "VZ-PBXV-VAC-CICD*",
			"Description": "NamePattern is required to find the ami id but if imageid is passed this parameter will not be used."
		},
		"InfraKey": {
			"Type": "String",
			"Default": "InfraSTG",
			"Description": "InfraKey is required to refer to lambda for ami id lookup but if imageid is passed this parameter will not be used."
		},
		"NestedS3URL": {
			"Description": "Name of an S3URL",
			"Type": "String"
		},
		"AppSubnetID": {
		"Type" : "String"
		}
	},
	"Conditions": {
		"NotUseImageId": {
			"Fn::Equals": [{
				"Ref": "ImageId"
			},
			""]
		}
	},
	"Mappings": {
		
	},
	"Metadata": {
		
	},
	"Resources": {
		"VACELBSTACK": {
			"Type": "AWS::CloudFormation::Stack",
			"Properties": {
				"TemplateURL": {
					"Fn::Join": ["",
					[{
						"Ref": "NestedS3URL"
					},
					"/VAC/ESAP-STG-VAC/VACELB.json"]]
				},
				"Parameters": {
					"Environment": {
						"Ref": "Environment"
					},
					"Role": {
						"Ref": "Role"
					},
					"AppID": {
						"Ref": "AppID"
					},
					"UserID": {
						"Ref": "UserID"
					},
					"SecurityGroups": {
						"Ref": "SecurityGroups"
					},
					"LBSubnets": {
						"Ref": "LBSubnets"
					},
					"ELBS3Bucket": {
						"Ref": "ELBS3Bucket"
					},
					"BUILDNUMBER1": {
						"Ref": "BUILDNUMBER1"
					}					
				},
				"Tags": [{
					"Key": "Userid",
					"Value": {
						"Ref": "UserID"
					}
				},
				{
					"Key": "Role",
					"Value": {
						"Ref": "Role"
					}
				},
				{
					"Key": "Vsad",
					"Value": {
						"Ref": "AppID"
					}
				},
				{
					"Key": "Name",
					"Value": {"Fn::Join": ["",[{"Ref": "AppID"},{"Ref": "Environment"},{"Ref": "BUILDNUMBER1"},"-VACELB"]]}
				}]
			}
		},

		"VACASGSTACK": {
			"Type": "AWS::CloudFormation::Stack",
			"Properties": {
				"TemplateURL": {
					"Fn::Join": ["",
					[{
						"Ref": "NestedS3URL"
					},
					"/VAC/ESAP-STG-VAC/VACASG.json"]]
				},
				"Parameters": {
					"Environment": {
						"Ref": "Environment"
					},
					"Role": {
						"Ref": "Role"
					},
					"AppID": {
						"Ref": "AppID"
					},
					"UserID": {
						"Ref": "UserID"
					},
					"SecurityGroups": {
						"Ref": "SecurityGroups"
					},
					"LBSubnets": {
						"Ref": "LBSubnets"
					},
					"ELBS3Bucket": {
						"Ref": "ELBS3Bucket"
					},
					"ASGName": {
						"Ref": "ASGName"
					},
					"VPCZoneIdentifier": {
						"Ref": "VPCZoneIdentifier"
					},
					"IAM": {
						"Ref": "IAM"
					},
					"ImageId": {
						"Ref": "ImageId"
					},
					"VACELB" : {"Fn::GetAtt": [ "VACELBSTACK", "Outputs.VACELB" ]},
					"MinEC2Instances": {
						"Ref": "MinEC2Instances"
					},
					"MaxEC2Instances": {
						"Ref": "MaxEC2Instances"
					},
					"AvailabilityZone": {
						"Ref": "AvailabilityZone"
					},
					"Instancetype": {
						"Ref": "Instancetype"
					},
					"OperatorEmail": {
						"Ref": "OperatorEmail"
					},
					"BuildNumber": {
						"Ref": "BuildNumber"
					},
					"InfraKey": {
						"Ref": "InfraKey"
					},
					"AppVersion": {
						"Ref": "AppVersion"
					},
					"NamePattern": {
						"Ref": "NamePattern"
					}
				},
				"Tags": [{
					"Key": "Userid",
					"Value": {
						"Ref": "UserID"
					}
				},
				{
					"Key": "Role",
					"Value": {
						"Ref": "Role"
					}
				},
				{
					"Key": "Vsad",
					"Value": {
						"Ref": "AppID"
					}
				},
				{
					"Key": "Name",
					"Value": {
						"Ref": "ASGName"
					}
				}]
			}
		}
	},
	"Outputs": {
       	   
   }
}
