{
	"AWSTemplateFormatVersion": "2010-09-09",
	"Description": "AWS CF Template generated by the Pyplate API call.",
	"Parameters": {
		"AppID": {
			"Type": "String"
		},
		"UserID": {
			"Type": "String"
		},
		"SecurityGroups": {
			"Type": "CommaDelimitedList"
		},
		"Role": {
			"Type": "String"
		},
		"ALBNAME": {
			"Type": "String"
		},
		"LBSubnets": {
			"Type": "CommaDelimitedList"
		},
		 "albPaths": {
            "Default": "/keepalive.html",
            "Description": "Path-patterns you want the loadbalancer to point to in your application",
            "Type": "CommaDelimitedList"
        },
        "albPort": {
            "Default": "80",
            "Description": "Which loadbalancer port to use",
            "Type": "Number"
        },
        "ALBCertARN": {
            "Default": "",
            "Description": "cert arn",
            "Type": "String"
        },
        "VpcId": {
            "Description": "VpcId",
            "Type": "String"
        }
	},
	"Conditions" : {
	  },
	  "Mappings": {   
	  },
	  "Metadata": {    
	  },
	"Resources": {
	"albListener": {
	"Type": "AWS::ElasticLoadBalancingV2::Listener",
	"Properties": {
	"Protocol": "HTTPS",
	"Port": "443",
	"DefaultActions": [
	{
	"Type": "forward",
	"TargetGroupArn": {
	"Ref": "albTargetGroup"
	}
	}
	],
	"LoadBalancerArn": {
	"Ref": "applicationLoadBalancer"
	},
	"Certificates": [
	{
	"CertificateArn": {
	"Ref": "ALBCertARN"
	}
	}
	],
	"SslPolicy": "ELBSecurityPolicy-TLS-1-2-2017-01"
	}
	},
        "albListenerRule": {
		"Type": "AWS::ElasticLoadBalancingV2::ListenerRule",
            "Properties": {
                "Actions": [
                    {
                        "TargetGroupArn": {
                            "Ref": "albTargetGroup"
                        },
                        "Type": "forward"
                    }
                ],
                "Conditions": [
                    {
                        "Field": "path-pattern",
                        "Values": {
                            "Ref": "albPaths"
                        }
                    }
                ],
                "ListenerArn": {
                    "Ref": "albListener"
                },
                "Priority": "1"
            }
            
        },
        "albTargetGroup": {
		"Type": "AWS::ElasticLoadBalancingV2::TargetGroup",
            "Properties": {
                "HealthCheckIntervalSeconds": "30",
                "HealthCheckPath": {
                    "Fn::Select": [
                        "0",
                        {
                            "Ref": "albPaths"
                        }
                    ]
                },
                "HealthCheckProtocol": "HTTPS",
                "HealthCheckTimeoutSeconds": "10",
                "HealthyThresholdCount": "4",
                "Matcher": {
                    "HttpCode": "200"
                },
                "Name": {
                    "Ref": "ALBNAME"
                },
                "Port": 443,
                "Protocol": "HTTPS",
                "UnhealthyThresholdCount": "3",
                "VpcId": {
                    "Ref": "VpcId"
                }
            }
            
        },
        "applicationLoadBalancer": {
		"Type": "AWS::ElasticLoadBalancingV2::LoadBalancer",
            "Properties": {
			 
	        "Tags": [
          {
            "Value": {
              "Ref": "UserID"
            },
            "Key": "UserID"
          },
          {
            "Value": {
              "Ref": "AppID"
            },
            "Key": "Vsad"
          },
          {
            "Value": {
              "Ref": "Role"
            },
            "Key": "Role"
          },
          {
            "Value": "VZ-NTS-PBXV",
            "Key": "Name"
          }
        ],
        "Name": {
                    "Ref": "ALBNAME"
                },
                "Scheme": "internal",
                "SecurityGroups": {
                    "Ref": "SecurityGroups"
                },
                "Subnets": {
                    "Ref": "LBSubnets"
                }
            }
            
        }
		},
		
	"Outputs": {
		"albTargetGroup": {
			"Description": "albTargetGroup Name",
			"Value": {
				"Ref": "albTargetGroup"
			}
			},
		"ALBNAME": {
			"Description": "ALBNAME",
			"Value": {
				"Ref": "ALBNAME"
			}
		}
	}
}