{
  "AWSTemplateFormatVersion": "2010-09-09",

  "Parameters" : {
   "AppID" : {
     "Type" : "String",
     "Default" : "PBXV",
     "Description" : "VAST ID"
   },
   "UserID" : {
     "Type" : "String"
   },
   "Role" : {
      "Type" : "String"
   } ,
   "Env" :{
       "Type" : "String",
	   "Default":"nonprod"
   },
   "VpcID":{
      "Type" : "String"
   }
  },

  "Resources": {

    "SG": {
      "Type": "AWS::EC2::SecurityGroup",
      "Properties": {
	    "GroupName" :  { "Fn::Join": [ ".", ["nts",{"Ref": "Env"},{"Ref":"AWS::Region"},{"Ref": "AppID"},"sg"]]},
        "GroupDescription": { "Fn::Join": [ "", [{"Ref": "AppID"},"-SecurityGroup"]]},
		"VpcId" : {"Ref" : "VpcID"},
		"SecurityGroupIngress" : [
		{
            "IpProtocol" : "tcp",
            "FromPort" : "7000",
            "ToPort" : "10999",
            "CidrIp" : "10.0.0.0/8"
         },
		 {
            "IpProtocol" : "tcp",
            "FromPort" : "7000",
            "ToPort" : "10999",
            "CidrIp" : "101.0.0.0/8"
         },
		 {
            "IpProtocol" : "tcp",
            "FromPort" : "7000",
            "ToPort" : "10999",
            "CidrIp" : "104.0.0.0/7"
         },
		 {
            "IpProtocol" : "tcp",
            "FromPort" : "7000",
            "ToPort" : "10999",
            "CidrIp" : "106.0.0.0/8"
         },
		 {
            "IpProtocol" : "tcp",
            "FromPort" : "7000",
            "ToPort" : "10999",
            "CidrIp" : "112.0.0.0/7"
         },
		 {
            "IpProtocol" : "tcp",
            "FromPort" : "7000",
            "ToPort" : "10999",
            "CidrIp" : "114.0.0.0/8"
         },
		 {
            "IpProtocol" : "tcp",
            "FromPort" : "7000",
            "ToPort" : "10999",
            "CidrIp" : "128.0.0.0/4"
         },
		 {
            "IpProtocol" : "tcp",
            "FromPort" : "7000",
            "ToPort" : "10999",
            "CidrIp" : "144.0.0.0/6"
         },
		  {
            "IpProtocol" : "tcp",
            "FromPort" : "7000",
            "ToPort" : "10999",
            "CidrIp" : "148.0.0.0/8"
         },
		  {
            "IpProtocol" : "tcp",
            "FromPort" : "7000",
            "ToPort" : "10999",
            "CidrIp" : "149.0.0.0/32"
         },
		  {
            "IpProtocol" : "tcp",
            "FromPort" : "7000",
            "ToPort" : "10999",
            "CidrIp" : "153.114.0.0/16"
         },
		 {
            "IpProtocol" : "tcp",
            "FromPort" : "7000",
            "ToPort" : "10999",
            "CidrIp" : "159.0.0.0/8"
         },
		 {
            "IpProtocol" : "tcp",
            "FromPort" : "7000",
            "ToPort" : "10999",
            "CidrIp" : "160.0.0.0/3"
         },
		 {
            "IpProtocol" : "tcp",
            "FromPort" : "7000",
            "ToPort" : "10999",
            "CidrIp" : "192.0.0.0/4"
         },
		 {
            "IpProtocol" : "tcp",
            "FromPort" : "7000",
            "ToPort" : "10999",
            "CidrIp" : "208.0.0.0/8"
         },
		 {
            "IpProtocol" : "tcp",
            "FromPort" : "7000",
            "ToPort" : "10999",
            "CidrIp" : "71.0.0.0/8"
         },
		 
		 {
            "IpProtocol" : "tcp",
            "FromPort" : "1414",
            "ToPort" : "1414",
            "CidrIp" : "10.0.0.0/8"
         },
		 {
            "IpProtocol" : "tcp",
            "FromPort" : "1414",
            "ToPort" : "1414",
            "CidrIp" : "101.0.0.0/8"
         },
		 {
            "IpProtocol" : "tcp",
            "FromPort" : "1414",
            "ToPort" : "1414",
            "CidrIp" : "104.0.0.0/7"
         },
		 {
            "IpProtocol" : "tcp",
            "FromPort" : "1414",
            "ToPort" : "1414",
            "CidrIp" : "106.0.0.0/8"
         },
		 {
            "IpProtocol" : "tcp",
            "FromPort" : "1414",
            "ToPort" : "1414",
            "CidrIp" : "112.0.0.0/7"
         },
		 {
            "IpProtocol" : "tcp",
            "FromPort" : "1414",
            "ToPort" : "1414",
            "CidrIp" : "114.0.0.0/8"
         },
		 {
            "IpProtocol" : "tcp",
            "FromPort" : "1414",
            "ToPort" : "1414",
            "CidrIp" : "128.0.0.0/4"
         },
		 {
            "IpProtocol" : "tcp",
            "FromPort" : "1414",
            "ToPort" : "1414",
            "CidrIp" : "144.0.0.0/6"
         },
		  {
            "IpProtocol" : "tcp",
            "FromPort" : "1414",
            "ToPort" : "1414",
            "CidrIp" : "148.0.0.0/8"
         },
		  {
            "IpProtocol" : "tcp",
            "FromPort" : "1414",
            "ToPort" : "1414",
            "CidrIp" : "149.0.0.0/32"
         },
		  {
            "IpProtocol" : "tcp",
            "FromPort" : "1414",
            "ToPort" : "1414",
            "CidrIp" : "153.114.0.0/16"
         },
		 {
            "IpProtocol" : "tcp",
            "FromPort" : "1414",
            "ToPort" : "1414",
            "CidrIp" : "159.0.0.0/8"
         },
		 {
            "IpProtocol" : "tcp",
            "FromPort" : "1414",
            "ToPort" : "1414",
            "CidrIp" : "160.0.0.0/3"
         },
		 {
            "IpProtocol" : "tcp",
            "FromPort" : "1414",
            "ToPort" : "1414",
            "CidrIp" : "192.0.0.0/4"
         },
		 {
            "IpProtocol" : "tcp",
            "FromPort" : "1414",
            "ToPort" : "1414",
            "CidrIp" : "208.0.0.0/8"
         },
		 {
            "IpProtocol" : "tcp",
            "FromPort" : "1414",
            "ToPort" : "1414",
            "CidrIp" : "71.0.0.0/8"
         },
		 
		 {
            "IpProtocol" : "tcp",
            "FromPort" : "4122",
            "ToPort" : "4123",
            "CidrIp" : "10.0.0.0/8"
         },
		 {
            "IpProtocol" : "tcp",
            "FromPort" : "4122",
            "ToPort" : "4123",
            "CidrIp" : "101.0.0.0/8"
         },
		 {
            "IpProtocol" : "tcp",
            "FromPort" : "4122",
            "ToPort" : "4123",
            "CidrIp" : "104.0.0.0/7"
         },
		 {
            "IpProtocol" : "tcp",
            "FromPort" : "4122",
            "ToPort" : "4123",
            "CidrIp" : "106.0.0.0/8"
         },
		 {
            "IpProtocol" : "tcp",
            "FromPort" : "4122",
            "ToPort" : "4123",
            "CidrIp" : "112.0.0.0/7"
         },
		 {
            "IpProtocol" : "tcp",
            "FromPort" : "4122",
            "ToPort" : "4123",
            "CidrIp" : "114.0.0.0/8"
         },
		 {
            "IpProtocol" : "tcp",
            "FromPort" : "4122",
            "ToPort" : "4123",
            "CidrIp" : "128.0.0.0/4"
         },
		 {
            "IpProtocol" : "tcp",
            "FromPort" : "4122",
            "ToPort" : "4123",
            "CidrIp" : "144.0.0.0/6"
         },
		  {
            "IpProtocol" : "tcp",
            "FromPort" : "4122",
            "ToPort" : "4123",
            "CidrIp" : "148.0.0.0/8"
         },
		  {
            "IpProtocol" : "tcp",
            "FromPort" : "4122",
            "ToPort" : "4123",
            "CidrIp" : "149.0.0.0/32"
         },
		  {
            "IpProtocol" : "tcp",
            "FromPort" : "4122",
            "ToPort" : "4123",
            "CidrIp" : "153.114.0.0/16"
         },
		 {
            "IpProtocol" : "tcp",
            "FromPort" : "4122",
            "ToPort" : "4123",
            "CidrIp" : "159.0.0.0/8"
         },
		 {
            "IpProtocol" : "tcp",
            "FromPort" : "4122",
            "ToPort" : "4123",
            "CidrIp" : "160.0.0.0/3"
         },
		 {
            "IpProtocol" : "tcp",
            "FromPort" : "4122",
            "ToPort" : "4123",
            "CidrIp" : "192.0.0.0/4"
         },
		 {
            "IpProtocol" : "tcp",
            "FromPort" : "4122",
            "ToPort" : "4123",
            "CidrIp" : "208.0.0.0/8"
         },
		 {
            "IpProtocol" : "tcp",
            "FromPort" : "4122",
            "ToPort" : "4123",
            "CidrIp" : "71.0.0.0/8"
         }
		 ],
		"Tags":[
	    {
          "Key":"UserID",
          "Value": { "Ref" : "UserID" }
        },			   
        {
          "Key":"Vsad",
          "Value": { "Ref" : "AppID" }
        },
        {
          "Key":"Role",
          "Value": { "Ref" : "Role" }
        },
		{
          "Key":"Name",
          "Value": { "Fn::Join": [ ".", ["nts",{"Ref": "Env"},{"Ref":"AWS::Region"},{"Ref": "AppID"},"sg"]]}
        }
	  ]
      }
    }

   
  }
}