{
  "AWSTemplateFormatVersion": "2010-09-09",
  "Parameters": {
    "AppID": {
      "Type": "String"
    },
    "UserID": {
      "Type": "String"
    },
    "Role": {
      "Type": "String"
    },
    "InstanceName": {
      "Type": "String"
    },
    "Ec2SecurityGroup": {
    "Type" : "CommaDelimitedList"
    },
    "AvailabilityZone": {
    "Type" : "String"
   },
   "Subnet": {
    "Type": "String"
   },
   "IAMRole": {
    "Type": "String"
   },
   "ImageId": {
     "Type" : "String"
   },
   "kmskey": {
     "Type" : "String"
   },
   "Instancetype": {
    "Type" : "String"
   },
   "AppVersion": {
		"Type":"String",
		"Default": "",
		"Description": "AppVersion is required to find the ami id but if imageid is passed this parameter will not be used."
   },
   "BuildNumber": {
       "Type" : "String",
	   "Default" : "",
	   "Description": "BuildNumber is required to find the ami id but if imageid is passed this parameter will not be used."
    },
   "NamePattern": {
		"Type" : "String",
		"Description": "NamePattern is required to find the ami id but if imageid is passed this parameter will not be used."
	},
    "InfraKey": {
	 "Type" : "String",
	 "Description": "InfraKey is required to refer to lambda for ami id lookup but if imageid is passed this parameter will not be used."
	 } 
  },
  "Conditions" : {
      "NotUseImageId" : {"Fn::Equals" : [{"Ref" : "ImageId"}, ""]}
  },
  "Mappings": {   
  },
  "Metadata": {    
  },
  "Resources": {
    "AMIInfo": {
      "Type": "Custom::AMIInfo",
      "Properties": {
        "ServiceToken": {"Fn::Join" : [":", ["arn:aws:lambda", { "Ref" : "AWS::Region" }, {"Ref": "AWS::AccountId"}, {"Fn::Join" : ["", ["function:","",{"Ref":"InfraKey"},"-BuildAMILookup"]]}]]},
        "Region": { "Ref": "AWS::Region" },
		"AppID": { "Ref": "AppID" },
		"AppVersion": { "Ref": "AppVersion" },
		"NamePattern": { "Ref": "NamePattern" },
		"BuildTag": { "Ref": "BuildNumber" }
      }
    },
    "ec2PBXVinstance0": {
      "Type": "AWS::EC2::Instance",
	  "DependsOn": ["AMIInfo"],
      "Properties": {
		 "ImageId": { "Fn::If" : [ "NotUseImageId", { "Fn::GetAtt": [ "AMIInfo", "Id" ] },{"Ref" : "ImageId"} ] },
         "InstanceType": { "Ref" : "Instancetype" },  
		 "IamInstanceProfile": { "Ref" : "IAMRole" },
         "AvailabilityZone": { "Ref" : "AvailabilityZone" },    
         "NetworkInterfaces": [ 
             { 
             "AssociatePublicIpAddress": false, 
             "DeviceIndex": "0", 
             "SubnetId": { "Ref" : "Subnet" },
             "GroupSet": { "Ref" : "Ec2SecurityGroup" }
           }],
        
        "BlockDeviceMappings": [
          {
            "DeviceName": "/dev/sda1",
            "Ebs": {
              "DeleteOnTermination": "True",
              "VolumeSize": 60
            }
          }
        ],  
        "UserData": {
		   "Fn::Base64": {
		   "Fn::Join": [
		      "",
			  [
			  				    "#!/bin/bash \n",  
								"export http_proxy=http://vzproxy.ebiz.verizon.com:80\n",
                                "export https_proxy=http://vzproxy.ebiz.verizon.com:80\n",
                                "export no_proxy=\"169.254.169.254, .verizon.com\"\n",
								"cd /apps/opt/softwares/; /usr/bin/wget https://oneartifactory.verizon.com/artifactory/PBXV-ESAP/ESAP/UAT/SIP_UAT_SPINUP.ksh --user jenkins --password jenkins123 -O SIP_UAT_SPINUP.ksh", "\n",
				                "dos2unix /apps/opt/softwares/SIP_UAT_SPINUP.ksh; chmod 755 /apps/opt/softwares/SIP_UAT_SPINUP.ksh", "\n",
				                "su -m root -c '/apps/opt/softwares/SIP_UAT_SPINUP.ksh'", "\n",
                				"set -x", "\n",
								"/opt/aws/bin/cfn-signal -s true ",
                                "         --stack ",
                                {
                                    "Ref": "AWS::StackName"
                                },
                                "         --resource ec2PBXVinstance0 ",
                                "         --region ",
                                {
                                    "Ref": "AWS::Region"
                                },
								"\n\n"
				  ]
				]
			  }
			  },    
        "Tags": [
          {
            "Value": {
              "Ref": "UserID"
            },
            "Key": "Userid"
          },
          {
            "Value": {
              "Ref": "AppID"
            },
            "Key": "Vsad"
          },
          {
            "Value": { "Ref" : "InstanceName" },
            "Key": "Name"
          },
          {
            "Value": {
              "Ref": "Role"
            },
            "Key": "Role"
          },
          {
            "Value": "nostop",
            "Key": "nostop"
          }
        ]       
      }
   }
  },
  "Outputs": {
    "InstanceId": {
      "Description": "InstanceId of the newly created EC2 instance",
      "Value": {
        "Ref": "ec2PBXVinstance0"
      }
    },
    "AZ": {
      "Description": "Availability Zone of the newly created EC2 instance",
      "Value": {
        "Fn::GetAtt": [
          "ec2PBXVinstance0",
          "AvailabilityZone"
        ]
      }
    },
    "PrivateIP": {
      "Description": "PrivateIP of the newly created EC2 instance",
      "Value": {
        "Fn::GetAtt": [
          "ec2PBXVinstance0",
          "PrivateIp"
        ]
      }
    }
  }
}