{
  "AWSTemplateFormatVersion": "2010-09-09",

  "Parameters" : {
   "AppID" : {
     "Type" : "String",
     "Default" : "PBXV",
     "Description" : "VAST ID"
   },
   "UserID" : {
     "Type" : "String"
   },
   "Role" : {
      "Type" : "String"
   } ,
   "Env" :{
       "Type" : "String",
	   "Default":"nonprod"
   },
   "VpcID":{
      "Type" : "String"
   }
  },

  "Resources": {

    "SG": {
      "Type": "AWS::EC2::SecurityGroup",
      "Properties": {
	    "GroupName" :  { "Fn::Join": [ ".", ["nts",{"Ref": "Env"},{"Ref":"AWS::Region"},{"Ref": "AppID"},"FDVEC2SecurityGroup"]]},
        "GroupDescription": { "Fn::Join": [ "", [{"Ref": "AppID"},"-EC2SecurityGroup"]]},
		"VpcId" : {"Ref" : "VpcID"},
		"SecurityGroupIngress" : [
 {
   "IpProtocol": "tcp",
   "FromPort": "1414",
   "ToPort": "1414",
   "CidrIp": "144.8.240.0/20"
 },
 {
   "IpProtocol": "tcp",
   "FromPort": "1414",
   "ToPort": "1414",
   "CidrIp": "144.8.224.0/20"
 },
 {
   "IpProtocol": "tcp",
   "FromPort": "1414",
   "ToPort": "1414",
   "CidrIp": "166.68.0.0/16"
 },
 {
   "IpProtocol": "tcp",
   "FromPort": "1414",
   "ToPort": "1414",
   "CidrIp": "138.83.0.0/16"
 },
 {
   "IpProtocol": "tcp",
   "FromPort": "1414",
   "ToPort": "1414",
   "CidrIp": "159.98.116.23/32"
 },
 {
   "IpProtocol": "tcp",
   "FromPort": "1414",
   "ToPort": "1414",
   "CidrIp": "159.98.116.28/32"
 },
 {
   "IpProtocol": "tcp",
   "FromPort": "22",
   "ToPort": "22",
   "CidrIp": "139.49.0.0/16"
 },
 {
   "IpProtocol": "tcp",
   "FromPort": "22",
   "ToPort": "22",
   "CidrIp": "131.146.0.0/16"
 },
 {
   "IpProtocol": "tcp",
   "FromPort": "22",
   "ToPort": "22",
   "CidrIp": "10.69.0.0/16"
 },
 {
   "IpProtocol": "tcp",
   "FromPort": "22",
   "ToPort": "22",
   "CidrIp": "10.252.0.0/16"
 },
 {
   "IpProtocol": "tcp",
   "FromPort": "22",
   "ToPort": "22",
   "CidrIp": "114.8.0.0/16"
 },
 {
   "IpProtocol": "tcp",
   "FromPort": "22",
   "ToPort": "22",
   "CidrIp": "114.9.0.0/16"
 },
 {
   "IpProtocol": "tcp",
   "FromPort": "22",
   "ToPort": "22",
   "CidrIp": "10.73.0.0/16"
 },
 {
   "IpProtocol": "tcp",
   "FromPort": "22",
   "ToPort": "22",
   "CidrIp": "10.76.0.0/16"
 },
 {
   "IpProtocol": "tcp",
   "FromPort": "22",
   "ToPort": "22",
   "CidrIp": "153.114.0.0/16"
 },
 {
   "IpProtocol": "tcp",
   "FromPort": "22",
   "ToPort": "22",
   "CidrIp": "112.80.0.0/16"
 },
 {
   "IpProtocol": "tcp",
   "FromPort": "22",
   "ToPort": "22",
   "CidrIp": "113.128.0.0/16"
 },
 {
   "IpProtocol": "tcp",
   "FromPort": "22",
   "ToPort": "22",
   "CidrIp": "113.132.0.0/16"
 },
 {
   "IpProtocol": "tcp",
   "FromPort": "22",
   "ToPort": "22",
   "CidrIp": "132.197.0.0/16"
 },
 {
   "IpProtocol": "tcp",
   "FromPort": "22",
   "ToPort": "22",
   "CidrIp": "136.151.0.0/16"
 },
 {
   "IpProtocol": "tcp",
   "FromPort": "22",
   "ToPort": "22",
   "CidrIp": "138.83.0.0/16"
 },
 {
   "IpProtocol": "tcp",
   "FromPort": "22",
   "ToPort": "22",
   "CidrIp": "143.91.0.0/16"
 },
 {
   "IpProtocol": "tcp",
   "FromPort": "22",
   "ToPort": "22",
   "CidrIp": "159.161.0.0/16"
 },
 {
   "IpProtocol": "tcp",
   "FromPort": "22",
   "ToPort": "22",
   "CidrIp": "159.67.0.0/16"
 },
 {
   "IpProtocol": "tcp",
   "FromPort": "22",
   "ToPort": "22",
   "CidrIp": "192.76.0.0/16"
 },
 {
   "IpProtocol": "tcp",
   "FromPort": "22",
   "ToPort": "22",
   "CidrIp": "199.220.0.0/16"
 },
 {
   "IpProtocol": "tcp",
   "FromPort": "22",
   "ToPort": "22",
   "CidrIp": "144.28.0.0/16"
 },
 {
   "IpProtocol": "tcp",
   "FromPort": "22",
   "ToPort": "22",
   "CidrIp": "166.68.0.0/16"
 },
 {
   "IpProtocol": "tcp",
   "FromPort": "22",
   "ToPort": "22",
   "CidrIp": "144.8.240.0/20"
 },
 {
   "IpProtocol": "tcp",
   "FromPort": "22",
   "ToPort": "22",
   "CidrIp": "144.8.224.0/20"
 },
 {
   "IpProtocol": "tcp",
   "FromPort": "443",
   "ToPort": "443",
   "CidrIp": "140.108.0.0/24"
 }
 
 
],
		"Tags":[
	    {
          "Key":"UserID",
          "Value": { "Ref" : "UserID" }
        },			   
        {
          "Key":"Vsad",
          "Value": { "Ref" : "AppID" }
        },
        {
          "Key":"Role",
          "Value": { "Ref" : "Role" }
        },
		{
          "Key":"Name",
          "Value": { "Fn::Join": [ ".", ["nts",{"Ref": "Env"},{"Ref":"AWS::Region"},{"Ref": "AppID"},"FDVEC2SecurityGroup"]]}
        }
	  ]
      }
    }

   
  }
}