{
	"AWSTemplateFormatVersion": "2010-09-09",

	"Parameters": {
		"Environment": {
			"Type": "String",
			"Description": "Environment"
		},
		"AppID": {
			"Type": "String",
			"Description": "Application ID"
		},
		"AppRegion": {
			"Type": "String"
		},
		"UserID": {
			"Type": "String"
		},
		"SecurityGroups": {
			"Type": "CommaDelimitedList"
		},

		"AppSubnetID1": {
			"Type": "String"
		},
		"AppSubnetID2": {
			"Type": "String"
		},
		"Role": {
			"Type": "String"
		}
	},

	"Conditions": {},
	"Mappings": {},
	"Metadata": {},

	"Resources": {
		"ENI1": {
			"Type": "AWS::EC2::NetworkInterface",
			"Properties": {
				"Tags": [{
						"Key": "Persistent",
						"Value": "true"
					},
					{
						"Key": "Userid",
						"Value": {
							"Ref": "UserID"
						}
					},
					{
						"Key": "Role",
						"Value": {
							"Ref": "Role"
						}
					},
					{
						"Key": "Vsad",
						"Value": {
							"Ref": "AppID"
						}
					},
					{
						"Key": "Name",
						"Value": {
							"Fn::Join": ["", [{
								"Ref": "AppID"
							}, {
								"Ref": "Environment"
							}, {
								"Ref": "AppRegion"
							}, "-ENIWEB"]]
						}
					},
					{
						"Key": "Environment",
						"Value": {
							"Fn::Join": ["", [{
								"Ref": "AppID"
							}, {
								"Ref": "Environment"
							}, {
								"Ref": "AppRegion"
							}]]
						}
					}
				],
				"Description": {
					"Fn::Join": ["", [{
						"Ref": "AppID"
					}, {
						"Ref": "Environment"
					}, {
						"Ref": "AppRegion"
					}]]
				},
				"SourceDestCheck": "false",
				"GroupSet": {
					"Ref": "SecurityGroups"
				},
				"SubnetId": {
					"Ref": "AppSubnetID1"
				}
			}
		},
		"ENI2": {
			"Type": "AWS::EC2::NetworkInterface",
			"Properties": {
				"Tags": [{
						"Key": "Persistent",
						"Value": "true"
					},
					{
						"Key": "Userid",
						"Value": {
							"Ref": "UserID"
						}
					},
					{
						"Key": "Role",
						"Value": {
							"Ref": "Role"
						}
					},
					{
						"Key": "Vsad",
						"Value": {
							"Ref": "AppID"
						}
					},
					{
						"Key": "Name",
						"Value": {
							"Fn::Join": ["", [{
								"Ref": "AppID"
							}, {
								"Ref": "Environment"
							}, {
								"Ref": "AppRegion"
							}, "-ENIWEB"]]
						}
					},
					{
						"Key": "Environment",
						"Value": {
							"Fn::Join": ["", [{
								"Ref": "AppID"
							}, {
								"Ref": "Environment"
							}, {
								"Ref": "AppRegion"
							}]]
						}
					}
				],
				"Description": {
					"Fn::Join": ["", [{
						"Ref": "AppID"
					}, {
						"Ref": "Environment"
					}, {
						"Ref": "AppRegion"
					}]]
				},
				"SourceDestCheck": "false",
				"GroupSet": {
					"Ref": "SecurityGroups"
				},
				"SubnetId": {
					"Ref": "AppSubnetID2"
				}
			}
		}
	},
	"Outputs": {
		"ENI1": {
			"Value": {
				"Ref": "ENI1"
			}
		},
		"ENI2": {
			"Value": {
				"Ref": "ENI2"
			}
		}
	}
}